Arguments: 
  C:\nvm4w\nodejs\node.exe C:\Users\arman\AppData\Local\node\corepack\v1\yarn\1.22.19\bin\yarn.js add vite-tsconfig-path

PATH: 
  C:\Program Files\Microsoft\jdk-17.0.13.11-hotspot\bin;C:\Program Files (x86)\NVIDIA Corporation\PhysX\Common;C:\WINDOWS\system32;C:\WINDOWS;C:\WINDOWS\System32\Wbem;C:\WINDOWS\System32\WindowsPowerShell\v1.0\;C:\WINDOWS\System32\OpenSSH\;C:\Program Files\Git\cmd;C:\Program Files\dotnet\;C:\Program Files\LLVM\bin;C:\Users\arman\AppData\Roaming\nvm;C:\nvm4w\nodejs;C:\Program Files\PuTTY\;C:\Program Files\CMake\bin;C:\Aliases;C:\Program Files\Docker\Docker\resources\bin;C:\ProgramData\chocolatey\bin;C:\Users\arman\.cargo\bin;C:\Users\arman\AppData\Local\Microsoft\WindowsApps;C:\Users\arman\AppData\Local\Programs\Microsoft VS Code\bin;C:\Users\arman\.dotnet\tools;C:\Users\arman\AppData\Local\nvs\;C:\Users\arman\AppData\Local\JetBrains\Toolbox\scripts;C:\Code\vcpkg;C:\Program Files\NASM;C:\Code\vcpkg\installed\x64-windows\bin;C:\Code\vcpkg-tools;C:\Users\arman\AppData\Local\Programs\Hyper\resources\bin;C:\Program Files\Neovim\bin;C:\Users\arman\AppData\Roaming\nvm;C:\nvm4w\nodejs;C:\Users\arman\AppData\Roaming\nvm;;C:\Users\arman\AppData\Local\Programs\Python\Python312;C:\Aliases;C:\Users\arman\AppData\Local\GitHubDesktop\bin;C:\Users\arman\AppData\Local\Android\Sdk\platform-tools;;C:\Users\arman\AppData\Local\Microsoft\WindowsApps;C:\Users\arman\AppData\Local\Programs\cursor\resources\app\bin

Yarn version: 
  1.22.19

Node version: 
  22.23.2

Platform: 
  win32 x64

Trace: 
  Error: https://registry.yarnpkg.com/vite-tsconfig-path: Not found
      at params.callback [as _callback] (C:\Users\arman\AppData\Local\node\corepack\v1\yarn\1.22.19\lib\cli.js:66145:18)
      at self.callback (C:\Users\arman\AppData\Local\node\corepack\v1\yarn\1.22.19\lib\cli.js:140890:22)
      at Request.emit (node:events:519:28)
      at Request.<anonymous> (C:\Users\arman\AppData\Local\node\corepack\v1\yarn\1.22.19\lib\cli.js:141862:10)
      at Request.emit (node:events:519:28)
      at IncomingMessage.<anonymous> (C:\Users\arman\AppData\Local\node\corepack\v1\yarn\1.22.19\lib\cli.js:141784:12)
      at Object.onceWrapper (node:events:633:28)
      at IncomingMessage.emit (node:events:531:35)
      at endReadableNT (node:internal/streams/readable:1698:12)
      at process.processTicksAndRejections (node:internal/process/task_queues:89:21)

npm manifest: 
  {
    "name": "api",
    "version": "1.0.0",
    "private": true,
    "main": "dist/main.js",
    "license": "MIT",
    "scripts": {
      "dev": "nest start --watch",
      "start": "nest start",
      "build": "nest build",
      "migration:run": "vite-node src/database/migrate.ts",
      "migration:revert": "vite-node src/database/revert-migration.ts"
    },
    "dependencies": {
      "@nestjs/cli": "^12.0.1",
      "@nestjs/common": "^12.0.3",
      "@nestjs/core": "^12.0.3",
      "@nestjs/mau": "^0.2.8",
      "@nestjs/platform-express": "^12.0.3",
      "@nestjs/schematics": "^12.0.3",
      "@nestjs/testing": "^12.0.3",
      "@nestjs/typeorm": "^11.0.1",
      "@niloc/utils": "^0.1.20",
      "@types/cookie-parser": "^1.4.10",
      "@types/express": "^5.0.6",
      "@types/jsonwebtoken": "^9.0.10",
      "@types/multer": "^2.1.0",
      "@types/nodemailer": "^8.0.0",
      "class-transformer": "^0.5.1",
      "class-validator": "^0.15.1",
      "cookie-parser": "^1.4.7",
      "dotenv": "^16.4.7",
      "handlebars": "^4.7.9",
      "jsonwebtoken": "^9.0.3",
      "nodemailer": "^8.0.6",
      "pg": "^8.20.0",
      "reflect-metadata": "^0.2.2",
      "rxjs": "^7.8.2",
      "typeorm": "^0.3.28",
      "vitest": "^5.0.1",
      "zod": "^4.3.6"
    },
    "devDependencies": {
      "@types/node": "^25.6.0",
      "typescript": "^6.0.3",
      "vite": "^8.0.10",
      "vite-node": "^6.0.0"
    }
  }

yarn manifest: 
  No manifest

Lockfile: 
  # THIS IS AN AUTOGENERATED FILE. DO NOT EDIT THIS FILE DIRECTLY.
  # yarn lockfile v1
  
  
  "@angular-devkit/core@22.1.8":
    version "22.1.8"
    resolved "https://registry.yarnpkg.com/@angular-devkit/core/-/core-22.1.8.tgz#7563f8dddc62831055fdade259e2abfc815ee8f4"
    integrity sha512-34lsgg2FwMVBX7nR/ZqzRUcdvdYPvSB8XAEr2GudXAyZwLI9ehzfQlagAWR/gEb8p4uCFZW0r7uU0toxydq4Rw==
    dependencies:
      ajv "8.20.0"
      ajv-formats "3.0.1"
      jsonc-parser "3.3.1"
      picomatch "4.0.5"
      rxjs "7.8.2"
      source-map "0.7.6"
  
  "@angular-devkit/schematics-cli@22.1.8":
    version "22.1.8"
    resolved "https://registry.yarnpkg.com/@angular-devkit/schematics-cli/-/schematics-cli-22.1.8.tgz#07f7465a441fb37ac69ed735b8f6dccc669c1795"
    integrity sha512-SsGG8ompVzprmYE9sHi2L7DYZ+i1sD+YDfun6Rg2vkTCusejtD4SSGVxwuR6++dT22ZpN16OqUTmii/0bhE4xA==
    dependencies:
      "@angular-devkit/core" "22.1.8"
      "@angular-devkit/schematics" "22.1.8"
      "@inquirer/prompts" "8.5.2"
  
  "@angular-devkit/schematics@22.1.8":
    version "22.1.8"
    resolved "https://registry.yarnpkg.com/@angular-devkit/schematics/-/schematics-22.1.8.tgz#5030d37343d1eb919af8686c51ec1320cb541bf2"
    integrity sha512-Pv3cPa/44kvEwYcqwx4Ns5dhIDmcFNSHhbpheqiEG1Z/u4e2t4zHKDtE3eHZB+8o+IcC7xJj+d+AqGR44RoZDA==
    dependencies:
      "@angular-devkit/core" "22.1.8"
      jsonc-parser "3.3.1"
      magic-string "1.0.0"
      ora "9.4.1"
      rxjs "7.8.2"
  
  "@borewit/text-codec@^0.2.1":
    version "0.2.2"
    resolved "https://registry.yarnpkg.com/@borewit/text-codec/-/text-codec-0.2.2.tgz#75025f735c0983b3a871668804a57387e3649375"
    integrity sha512-DDaRehssg1aNrH4+2hnj1B7vnUGEjU6OIlyRdkMd0aUdIUvKXrJfXsy8LVtXAy7DRvYVluWbMspsRhz2lcW0mQ==
  
  "@colors/colors@1.5.0":
    version "1.5.0"
    resolved "https://registry.yarnpkg.com/@colors/colors/-/colors-1.5.0.tgz#bb504579c1cae923e6576a4f5da43d25f97bdbd9"
    integrity sha512-ooWCrlZP11i8GImSjTHYHLkvFDP48nS4+204nGb1RiX/WXYHmJA2III9/e2DWVabCESdW7hBAEzHRqUn9OUVvQ==
  
  "@emnapi/core@1.10.0":
    version "1.10.0"
    resolved "https://registry.yarnpkg.com/@emnapi/core/-/core-1.10.0.tgz#380ccc8f2412ea22d1d972df7f8ee23a3b9c7467"
    integrity sha512-yq6OkJ4p82CAfPl0u9mQebQHKPJkY7WrIuk205cTYnYe+k2Z8YBh11FrbRG/H6ihirqcacOgl2BIO8oyMQLeXw==
    dependencies:
      "@emnapi/wasi-threads" "1.2.1"
      tslib "^2.4.0"
  
  "@emnapi/runtime@1.10.0":
    version "1.10.0"
    resolved "https://registry.yarnpkg.com/@emnapi/runtime/-/runtime-1.10.0.tgz#4b260c0d3534204e98c6110b8db1a987d26ec87c"
    integrity sha512-ewvYlk86xUoGI0zQRNq/mC+16R1QeDlKQy21Ki3oSYXNgLb45GV1P6A0M+/s6nyCuNDqe5VpaY84BzXGwVbwFA==
    dependencies:
      tslib "^2.4.0"
  
  "@emnapi/wasi-threads@1.2.1":
    version "1.2.1"
    resolved "https://registry.yarnpkg.com/@emnapi/wasi-threads/-/wasi-threads-1.2.1.tgz#28fed21a1ba1ce797c44a070abc94d42f3ae8548"
    integrity sha512-uTII7OYF+/Mes/MrcIOYp5yOtSMLBWSIoLPpcgwipoiKbli6k322tcoFsxoIIxPDqW01SQGAgko4EzZi2BNv2w==
    dependencies:
      tslib "^2.4.0"
  
  "@inquirer/ansi@^2.0.8":
    version "2.0.8"
    resolved "https://registry.yarnpkg.com/@inquirer/ansi/-/ansi-2.0.8.tgz#0308f3ed790dfa960f0f1f60045fa67e804de38e"
    integrity sha512-WpQM+Ti6Z40EFwwt+uL2p4UabT+W179zHp6HhLVOzfbwnVn05IPO/eXIZXGNqcT1jbQ15SujNLzQ39k4QPPxBQ==
  
  "@inquirer/checkbox@^5.2.1", "@inquirer/checkbox@^5.2.5":
    version "5.2.5"
    resolved "https://registry.yarnpkg.com/@inquirer/checkbox/-/checkbox-5.2.5.tgz#336f455e5bd8167a7f3a40eeec5ff50cc9e63f27"
    integrity sha512-bRt8J8m+Fot9CXv+zNQGXUq2ET0MggR1fPz7v6edN6MFYmsbfGnMmkmWZJEegMKqrAC8ej/o1sqisHZXZJMAfQ==
    dependencies:
      "@inquirer/ansi" "^2.0.8"
      "@inquirer/core" "^12.0.3"
      "@inquirer/figures" "^2.0.9"
      "@inquirer/type" "4.1.1"
  
  "@inquirer/confirm@^6.1.1", "@inquirer/confirm@^6.3.2":
    version "6.3.2"
    resolved "https://registry.yarnpkg.com/@inquirer/confirm/-/confirm-6.3.2.tgz#c4691ec8e852f4619496606376a2061490b99e26"
    integrity sha512-Xvr/0HggjddPtGppuqVmxhTw+Hr8PvsZ/k0HmOEaAqQEt80OITNkFWnsdNmyT0/eM4Ab+iJLx2R8rctlEyfSVg==
    dependencies:
      "@inquirer/core" "^12.0.3"
      "@inquirer/type" "4.1.1"
  
  "@inquirer/core@^12.0.3":
    version "12.0.3"
    resolved "https://registry.yarnpkg.com/@inquirer/core/-/core-12.0.3.tgz#8bbcfb31c3e04008102429d88a2d66b84257fb55"
    integrity sha512-wsSy0sznmXwkty+2PzZwx00Cazc/E0r0B7mAzdGROz2Ct+DFZXaK7WDjGZvgjRldxH5ZhFVfF2lgkYrqgOw2KA==
    dependencies:
      "@inquirer/ansi" "^2.0.8"
      "@inquirer/figures" "^2.0.9"
      "@inquirer/type" "4.1.1"
      cli-width "^4.1.0"
      fast-wrap-ansi "^0.2.0"
      mute-stream "^3.0.0"
      signal-exit "^4.1.0"
  
  "@inquirer/editor@^5.2.2", "@inquirer/editor@^5.3.3":
    version "5.3.3"
    resolved "https://registry.yarnpkg.com/@inquirer/editor/-/editor-5.3.3.tgz#e0d3b15e175cf59106ba2719c9b7adde54dcc835"
    integrity sha512-YsKkS2q63IiLtaDK/9nqzdComN97SDQrmKiyNggN+ceP4ty+Z6VwyTz3FpjeUWeW1Efss2xHFKCC9sx7hnrsxg==
    dependencies:
      "@inquirer/core" "^12.0.3"
      "@inquirer/external-editor" "^3.0.5"
      "@inquirer/type" "4.1.1"
  
  "@inquirer/expand@^5.1.1", "@inquirer/expand@^5.1.5":
    version "5.1.5"
    resolved "https://registry.yarnpkg.com/@inquirer/expand/-/expand-5.1.5.tgz#fbc6827c9500a9218df240b0516104a4b08069fd"
    integrity sha512-uHuXLmXW+TtIfT/9vSBotypAkqn1n34Ul+CLGPos/xANyO4Ff5xZzkYhbKR4NEcfVK4a9mHQOpwVZzluSHFRGw==
    dependencies:
      "@inquirer/core" "^12.0.3"
      "@inquirer/type" "4.1.1"
  
  "@inquirer/external-editor@^3.0.5":
    version "3.0.5"
    resolved "https://registry.yarnpkg.com/@inquirer/external-editor/-/external-editor-3.0.5.tgz#e05198b6d5dc87a8993fead6d9bcf92cd4863726"
    integrity sha512-f3QQJRIX5ZEneBHNUIuPjmbdzHnmRFJA8r2dkcb8q+OM5Uv5KtnuAttQumnrjcBVBM3mcTX1CkmtAkU58VRZxg==
    dependencies:
      chardet "^2.1.1"
      iconv-lite "^0.7.2"
  
  "@inquirer/figures@^2.0.9":
    version "2.0.9"
    resolved "https://registry.yarnpkg.com/@inquirer/figures/-/figures-2.0.9.tgz#8c04fdba3a78af0e57c0b3127cbd319ce604b1c1"
    integrity sha512-EAWgUTGQ/Umgga51dE3B2PUHbufuXarDfg86uVgoSgNHNNQnyFKcOrQLWVqYMghuSyHh8+2HUH0Js9cTC1WAdg==
  
  "@inquirer/input@^5.1.2", "@inquirer/input@^5.1.6":
    version "5.1.6"
    resolved "https://registry.yarnpkg.com/@inquirer/input/-/input-5.1.6.tgz#3d5ce158a9e9210f83fefbffeee0099185983c0f"
    integrity sha512-HtcJhB2QFVXbLuJ5S3syhNbTUVxYvwqV4VRBDkQceBloC9bmTViUoRFP5PbSaDZb3HzfPmpuU/gG4ybVBz4FHA==
    dependencies:
      "@inquirer/core" "^12.0.3"
      "@inquirer/type" "4.1.1"
  
  "@inquirer/number@^4.1.1", "@inquirer/number@^4.2.3":
    version "4.2.3"
    resolved "https://registry.yarnpkg.com/@inquirer/number/-/number-4.2.3.tgz#671940419283fc8e534e557d675799901e184c1b"
    integrity sha512-6Yuwh1NGSbu1Lo4N1EWjXs1jKRntLg/ZCwhmeorEHde90v1XxAozdbd4Iu30eOQLW+6h1hp2O9ujNfLSbTPJnA==
    dependencies:
      "@inquirer/core" "^12.0.3"
      "@inquirer/type" "4.1.1"
  
  "@inquirer/password@^5.1.1", "@inquirer/password@^5.2.2":
    version "5.2.2"
    resolved "https://registry.yarnpkg.com/@inquirer/password/-/password-5.2.2.tgz#8f4cd7741bd5e7b5aa732d75d143269d0d43f523"
    integrity sha512-W9zYdyzogK+6110mqwaSJWCBu2yA5Q/OfnGSjjZB1bNpHlmUozXxTl0+QOZBNeVd6Qo81/qT75gW05gLAtITxw==
    dependencies:
      "@inquirer/ansi" "^2.0.8"
      "@inquirer/core" "^12.0.3"
      "@inquirer/type" "4.1.1"
  
  "@inquirer/prompts@8.5.2":
    version "8.5.2"
    resolved "https://registry.yarnpkg.com/@inquirer/prompts/-/prompts-8.5.2.tgz#09c0132ada2bbba94c91d341115e1e41cb3f1525"
    integrity sha512-IYR/3C/paEVVQYQvdDlFZVjRCJVYHHON0XXMH91KO9GSxs0TdKYWlUdvfQl2EfAHDxUaN3IBffkE/BDTh5nJ6g==
    dependencies:
      "@inquirer/checkbox" "^5.2.1"
      "@inquirer/confirm" "^6.1.1"
      "@inquirer/editor" "^5.2.2"
      "@inquirer/expand" "^5.1.1"
      "@inquirer/input" "^5.1.2"
      "@inquirer/number" "^4.1.1"
      "@inquirer/password" "^5.1.1"
      "@inquirer/rawlist" "^5.3.1"
      "@inquirer/search" "^4.2.1"
      "@inquirer/select" "^5.2.1"
  
  "@inquirer/prompts@8.7.2":
    version "8.7.2"
    resolved "https://registry.yarnpkg.com/@inquirer/prompts/-/prompts-8.7.2.tgz#fbbfd7e552e53608c740944908c1a0fc0cf3369c"
    integrity sha512-QoRB4wFIjgH5iOhSjoIKMkTvSHDuV+O3OITlIqAYO0oK5x364GJILXiMBvlPiE+klg7Xx9tq5XVqQHcGUDYYPA==
    dependencies:
      "@inquirer/checkbox" "^5.2.5"
      "@inquirer/confirm" "^6.3.2"
      "@inquirer/editor" "^5.3.3"
      "@inquirer/expand" "^5.1.5"
      "@inquirer/input" "^5.1.6"
      "@inquirer/number" "^4.2.3"
      "@inquirer/password" "^5.2.2"
      "@inquirer/rawlist" "^5.3.5"
      "@inquirer/search" "^4.3.3"
      "@inquirer/select" "^5.2.5"
  
  "@inquirer/rawlist@^5.3.1", "@inquirer/rawlist@^5.3.5":
    version "5.3.5"
    resolved "https://registry.yarnpkg.com/@inquirer/rawlist/-/rawlist-5.3.5.tgz#0f0e7d71fb55511cc80e2b7fe65dfed2e1e99096"
    integrity sha512-1oHky1ONfCOwNrnkQGDE1oaSij/3fI6HFMSf2H/WsGO2lEyDX9My82iggITSy9ddSZ8yk8j9v41OI0fVoSIoaA==
    dependencies:
      "@inquirer/core" "^12.0.3"
      "@inquirer/type" "4.1.1"
  
  "@inquirer/search@^4.2.1", "@inquirer/search@^4.3.3":
    version "4.3.3"
    resolved "https://registry.yarnpkg.com/@inquirer/search/-/search-4.3.3.tgz#ab0f1157cc4cf922ac918b1926468bc982fae2f6"
    integrity sha512-fyuIU1Nbpvwlikjg3gXwJFDI11+EFjqQ7P+iByfmivIKQ1vmaykNrD/vy5unHuUqUpsOsnvJ25//tPF7E/RBRA==
    dependencies:
      "@inquirer/core" "^12.0.3"
      "@inquirer/figures" "^2.0.9"
      "@inquirer/type" "4.1.1"
  
  "@inquirer/select@^5.2.1", "@inquirer/select@^5.2.5":
    version "5.2.5"
    resolved "https://registry.yarnpkg.com/@inquirer/select/-/select-5.2.5.tgz#4a1c888ba3a8f6dcb78712b99e36c6462a4759db"
    integrity sha512-9kc15hr8r/kI+3DO/xLog5nOzTz1jqsHXa6JBFzmQKhkoJ8Slda1I1L/uD8ZSZ9tF1yp79wwXe7mclvX1rqR2Q==
    dependencies:
      "@inquirer/ansi" "^2.0.8"
      "@inquirer/core" "^12.0.3"
      "@inquirer/figures" "^2.0.9"
      "@inquirer/type" "4.1.1"
  
  "@inquirer/type@4.1.1":
    version "4.1.1"
    resolved "https://registry.yarnpkg.com/@inquirer/type/-/type-4.1.1.tgz#f865ee99f39e0951a0279f9c45ad1d260c0ce0dd"
    integrity sha512-yJoHYrMnxIsJZCY+0Vb66Dy3he3kL3e2wOBKhoSwWWAzZAY82emlxwgprCtp6yRixvNRNq9ztfRWQYPNr3Go7A==
  
  "@isaacs/cliui@^8.0.2":
    version "8.0.2"
    resolved "https://registry.yarnpkg.com/@isaacs/cliui/-/cliui-8.0.2.tgz#b37667b7bc181c168782259bab42474fbf52b550"
    integrity sha512-O8jcjabXaleOG9DQ0+ARXWZBTfnP4WNAqzuiJK7ll44AmxGKv/J2M4TPjxjY3znBCfvBXFzucm1twdyFybFqEA==
    dependencies:
      string-width "^5.1.2"
      string-width-cjs "npm:string-width@^4.2.0"
      strip-ansi "^7.0.1"
      strip-ansi-cjs "npm:strip-ansi@^6.0.1"
      wrap-ansi "^8.1.0"
      wrap-ansi-cjs "npm:wrap-ansi@^7.0.0"
  
  "@jridgewell/resolve-uri@^3.1.0":
    version "3.1.2"
    resolved "https://registry.yarnpkg.com/@jridgewell/resolve-uri/-/resolve-uri-3.1.2.tgz#7a0ee601f60f99a20c7c7c5ff0c80388c1189bd6"
    integrity sha512-bRISgCIjP20/tbWSPWMEi54QVPRZExkuD9lJL+UIxUKtwVJA8wW1Trb1jMs1RFXo1CBTNZ/5hpC9QvmKWdopKw==
  
  "@jridgewell/sourcemap-codec@^1.4.14", "@jridgewell/sourcemap-codec@^1.5.5", "@jridgewell/sourcemap-codec@^1.6.0":
    version "1.6.0"
    resolved "https://registry.yarnpkg.com/@jridgewell/sourcemap-codec/-/sourcemap-codec-1.6.0.tgz#f4c663e862f06dc98ca4d453862c46902789a18d"
    integrity sha512-T7jf+5zgsZHwNJ4lvQ7/aezbyk0nNX+zJVWpmHA7VYsEx7a7qr5Rg5IbtJFqkgze5Y2sruq1RUY8Q837Od7iFw==
  
  "@jridgewell/trace-mapping@0.3.31":
    version "0.3.31"
    resolved "https://registry.yarnpkg.com/@jridgewell/trace-mapping/-/trace-mapping-0.3.31.tgz#db15d6781c931f3a251a3dac39501c98a6082fd0"
    integrity sha512-zzNR+SdQSDJzc8joaeP8QQoCQr8NuYx2dIIytl1QeBEZHJ9uW6hebsrYgbz8hJwUQao3TWCMtmfV8Nu1twOLAw==
    dependencies:
      "@jridgewell/resolve-uri" "^3.1.0"
      "@jridgewell/sourcemap-codec" "^1.4.14"
  
  "@lukeed/csprng@^1.0.0":
    version "1.1.0"
    resolved "https://registry.yarnpkg.com/@lukeed/csprng/-/csprng-1.1.0.tgz#1e3e4bd05c1cc7a0b2ddbd8a03f39f6e4b5e6cfe"
    integrity sha512-Z7C/xXCiGWsg0KuKsHTKJxbWhpI3Vs5GwLfOean7MGyVFGqdRgBbAjOCh6u4bbjPc/8MJ2pZmK/0DLdCbivLDA==
  
  "@napi-rs/wasm-runtime@^1.1.4":
    version "1.1.4"
    resolved "https://registry.yarnpkg.com/@napi-rs/wasm-runtime/-/wasm-runtime-1.1.4.tgz#a46bbfedc29751b7170c5d23bc1d8ee8c7e3c1e1"
    integrity sha512-3NQNNgA1YSlJb/kMH1ildASP9HW7/7kYnRI2szWJaofaS1hWmbGI4H+d3+22aGzXXN9IJ+n+GiFVcGipJP18ow==
    dependencies:
      "@tybys/wasm-util" "^0.10.1"
  
  "@nestjs/cli@^12.0.1":
    version "12.0.1"
    resolved "https://registry.yarnpkg.com/@nestjs/cli/-/cli-12.0.1.tgz#7dc0f88111bd8f6a395111d4872e1f67b2b17f19"
    integrity sha512-1qp2CAXMZvib9OUpPkAJhzB0KVVuuxthAuMrD5+/jd0gT3+nqFPfUGH9qHuauZt2rfiXGrtJ+bCBKDBASW4HLA==
    dependencies:
      "@angular-devkit/core" "22.1.8"
      "@angular-devkit/schematics" "22.1.8"
      "@angular-devkit/schematics-cli" "22.1.8"
      "@inquirer/prompts" "8.7.2"
      "@nestjs/schematics" "^12.0.0"
      ansis "4.4.0"
      chokidar "5.0.0"
      cli-table3 "0.6.5"
      commander "15.0.0"
      minimatch "10.2.6"
      node-emoji "2.2.0"
      ora "9.4.1"
      tsconfig-paths "4.2.0"
      typescript "~6.0.2"
  
  "@nestjs/common@^12.0.3":
    version "12.1.0"
    resolved "https://registry.yarnpkg.com/@nestjs/common/-/common-12.1.0.tgz#fc7a5a2f9dca125836cd0e60e3cde6c069d08fdf"
    integrity sha512-YGNboXyCmLWwIyrrVLst2dsH+DjsIje4S3P2i06HRwV0Sdcp+qZ7UV3PvIvCD4mI/VGH/f4p0Oq2sMVkVB0GOA==
    dependencies:
      uid "2.0.2"
      "@standard-schema/spec" "1.1.0"
      file-type "22.1.1"
      iterare "1.2.1"
      load-esm "1.0.3"
      tslib "2.8.1"
  
  "@nestjs/core@^12.0.3":
    version "12.1.0"
    resolved "https://registry.yarnpkg.com/@nestjs/core/-/core-12.1.0.tgz#8a6a0e52d9c4c02e08c6d67bcbde5406d3f9ce77"
    integrity sha512-lI/JwCwuDgvJPHZMqQdP7vDwQFPzWQ0Sgsqe6SeCdN3FWu2t+9kkW7kLxrPcRnTdyB9XnuCanh9J9oMc/pQgUg==
    dependencies:
      uid "2.0.2"
      fast-safe-stringify "2.1.1"
      iterare "1.2.1"
      path-to-regexp "8.4.2"
      tslib "2.8.1"
  
  "@nestjs/mau@^0.2.8":
    version "0.2.8"
    resolved "https://registry.yarnpkg.com/@nestjs/mau/-/mau-0.2.8.tgz#63d0ae4d06ea2b67ad69e15cf3771746ef682505"
    integrity sha512-nIb0i3c/KhKEbxZfYMEKv9Mcvk5miBdZcexnvkgnAUhoMO2BUjOGT+Khf2cZzu7B51Y7v01NG2JVl/HdQEUQ6w==
    dependencies:
      chalk "4.1.2"
      cli-progress "3.12.0"
      commander "4.1.1"
      inquirer "8.2.6"
      node-emoji "2.1.3"
      ora "5.4.1"
      undici "6.20.1"
  
  "@nestjs/platform-express@^12.0.3":
    version "12.1.0"
    resolved "https://registry.yarnpkg.com/@nestjs/platform-express/-/platform-express-12.1.0.tgz#55039abdfede600a1e4bc8f41e9b66c33ace6956"
    integrity sha512-LOyutflFXjV+ahGKpcje9x1BFSVj9GjOE7kU1kGpI3P+NBzEf3dnsES/fmGuW8R7gV11VJlRz7u+3wYbda5/xg==
    dependencies:
      cors "2.8.6"
      express "5.2.1"
      multer "2.4.0"
      path-to-regexp "8.4.2"
      tslib "2.8.1"
  
  "@nestjs/schematics@^12.0.0":
    version "12.0.2"
    resolved "https://registry.yarnpkg.com/@nestjs/schematics/-/schematics-12.0.2.tgz#0b24019b9edfc21df79eae691c5ee4a7c6cc5a86"
    integrity sha512-lq0rWV9STEN+PtE45m9lDL3ni8X2aPbzGKAi08G9D336Vm17j+jS7h9pYCocRszkJO41+uaKAEGgTWAvwbYIDQ==
    dependencies:
      "@angular-devkit/core" "22.1.8"
      "@angular-devkit/schematics" "22.1.8"
      comment-json "5.0.0"
      jsonc-parser "3.3.1"
      pluralize "8.0.0"
  
  "@nestjs/schematics@^12.0.3":
    version "12.0.5"
    resolved "https://registry.yarnpkg.com/@nestjs/schematics/-/schematics-12.0.5.tgz#e944f02b09dacdc8766028b5247dc7ce8cd261c6"
    integrity sha512-AuZJVAglqzjFyXVy1EIyzjyEArw6mdOF19vWTgVviJICvVAK8DT97q+6CX4v3wWFhGZoDbGiDnbq6EsGub7/bA==
    dependencies:
      "@angular-devkit/core" "22.1.8"
      "@angular-devkit/schematics" "22.1.8"
      comment-json "5.0.0"
      jsonc-parser "3.3.1"
      pluralize "8.0.0"
  
  "@nestjs/testing@^12.0.3":
    version "12.1.0"
    resolved "https://registry.yarnpkg.com/@nestjs/testing/-/testing-12.1.0.tgz#58afa094ec9d86c4c3e137a448368529d0406f72"
    integrity sha512-OL6ar+p4BRy26YlOk6nqSchGShQajW0jaPSz2tvP7C3dLQcb26Wm0AG2IlvqIBoHuN3zQFMc5DoLAyiosPP4pw==
    dependencies:
      tslib "2.8.1"
  
  "@nestjs/typeorm@^11.0.1":
    version "11.0.1"
    resolved "https://registry.yarnpkg.com/@nestjs/typeorm/-/typeorm-11.0.1.tgz#32e4b5c2bd35331e2fa414f87b9a15652c83469c"
    integrity sha512-8rw/nKT0S+L+MkzgE9F2/mox7mAgsPlwfzmW9gsESN1lmQtIrVEfiiBwC2O8+guS1jBfQehJIdcdUj2OAp4VUQ==
  
  "@niloc/utils@^0.1.20":
    version "0.1.20"
    resolved "https://registry.yarnpkg.com/@niloc/utils/-/utils-0.1.20.tgz#6d8af389f8159232a0071aeb0e533434bff48454"
    integrity sha512-xJH9opfsE3i8vVl3Bf+mJzQulqBNU7p3DdojFkW7xH2tfniJOl2X38E6C3Y0kZElvHOAvdWfLkBvQ3+r8XfDzw==
    dependencies:
      nanoid "^3.3.6"
      zod "^3.24.2"
  
  "@oxc-project/types@=0.127.0":
    version "0.127.0"
    resolved "https://registry.yarnpkg.com/@oxc-project/types/-/types-0.127.0.tgz#8374fcdfb4a641861218daa5700c447c00b66663"
    integrity sha512-aIYXQBo4lCbO4z0R3FHeucQHpF46l2LbMdxRvqvuRuW2OxdnSkcng5B8+K12spgLDj93rtN3+J2Vac/TIO+ciQ==
  
  "@pkgjs/parseargs@^0.11.0":
    version "0.11.0"
    resolved "https://registry.yarnpkg.com/@pkgjs/parseargs/-/parseargs-0.11.0.tgz#a77ea742fab25775145434eb1d2328cf5013ac33"
    integrity sha512-+1VkjdD0QBLPodGrJUeqarH8VAIvQODIbwh9XpP5Syisf7YoQgsJKPNFoqqLQlu+VQ/tVSshMR6loPMn8U+dPg==
  
  "@rolldown/binding-android-arm64@1.0.0-rc.17":
    version "1.0.0-rc.17"
    resolved "https://registry.yarnpkg.com/@rolldown/binding-android-arm64/-/binding-android-arm64-1.0.0-rc.17.tgz#0a502a88c39d0ffa81aa30b561dade6f6217dcc5"
    integrity sha512-s70pVGhw4zqGeFnXWvAzJDlvxhlRollagdCCKRgOsgUOH3N1l0LIxf83AtGzmb5SiVM4Hjl5HyarMRfdfj3DaQ==
  
  "@rolldown/binding-darwin-arm64@1.0.0-rc.17":
    version "1.0.0-rc.17"
    resolved "https://registry.yarnpkg.com/@rolldown/binding-darwin-arm64/-/binding-darwin-arm64-1.0.0-rc.17.tgz#8b7f05ac9000ab19161a79a0346b1b64a1bc7ba3"
    integrity sha512-4ksWc9n0mhlZpZ9PMZgTGjeOPRu8MB1Z3Tz0Mo02eWfWCHMW1zN82Qz/pL/rC+yQa+8ZnutMF0JjJe7PjwasYw==
  
  "@rolldown/binding-darwin-x64@1.0.0-rc.17":
    version "1.0.0-rc.17"
    resolved "https://registry.yarnpkg.com/@rolldown/binding-darwin-x64/-/binding-darwin-x64-1.0.0-rc.17.tgz#f8b465b3a4e992053890b162f1ae19e4f1719a6a"
    integrity sha512-SUSDOI6WwUVNcWxd02QEBjLdY1VPHvlEkw6T/8nYG322iYWCTxRb1vzk4E+mWWYehTp7ERibq54LSJGjmouOsw==
  
  "@rolldown/binding-freebsd-x64@1.0.0-rc.17":
    version "1.0.0-rc.17"
    resolved "https://registry.yarnpkg.com/@rolldown/binding-freebsd-x64/-/binding-freebsd-x64-1.0.0-rc.17.tgz#a8281e14fa9c243fe22dc2d0e54900e66b31935e"
    integrity sha512-hwnz3nw9dbJ05EDO/PvcjaaewqqDy7Y1rn1UO81l8iIK1GjenME75dl16ajbvSSMfv66WXSRCYKIqfgq2KCfxw==
  
  "@rolldown/binding-linux-arm-gnueabihf@1.0.0-rc.17":
    version "1.0.0-rc.17"
    resolved "https://registry.yarnpkg.com/@rolldown/binding-linux-arm-gnueabihf/-/binding-linux-arm-gnueabihf-1.0.0-rc.17.tgz#cd29cf869ddd4fac8d6929abf94b91ddb0494650"
    integrity sha512-IS+W7epTcwANmFSQFrS1SivEXHtl1JtuQA9wlxrZTcNi6mx+FDOYrakGevvvTwgj2JvWiK8B29/qD9BELZPyXQ==
  
  "@rolldown/binding-linux-arm64-gnu@1.0.0-rc.17":
    version "1.0.0-rc.17"
    resolved "https://registry.yarnpkg.com/@rolldown/binding-linux-arm64-gnu/-/binding-linux-arm64-gnu-1.0.0-rc.17.tgz#91c331236ec3728366218d61a62f0bd226546c6c"
    integrity sha512-e6usGaHKW5BMNZOymS1UcEYGowQMWcgZ71Z17Sl/h2+ZziNJ1a9n3Zvcz6LdRyIW5572wBCTH/Z+bKuZouGk9Q==
  
  "@rolldown/binding-linux-arm64-musl@1.0.0-rc.17":
    version "1.0.0-rc.17"
    resolved "https://registry.yarnpkg.com/@rolldown/binding-linux-arm64-musl/-/binding-linux-arm64-musl-1.0.0-rc.17.tgz#80108957db752e7826836e22240e56b8140e9684"
    integrity sha512-b/CgbwAJpmrRLp02RPfhbudf5tZnN9nsPWK82znefso832etkem8H7FSZwxrOI9djcdTP7U6YfNhbRnh7djErg==
  
  "@rolldown/binding-linux-ppc64-gnu@1.0.0-rc.17":
    version "1.0.0-rc.17"
    resolved "https://registry.yarnpkg.com/@rolldown/binding-linux-ppc64-gnu/-/binding-linux-ppc64-gnu-1.0.0-rc.17.tgz#1dce51148cbc6bab3c3f9157b5323d2a31aac924"
    integrity sha512-4EII1iNGRUN5WwGbF/kOh/EIkoDN9HsupgLQoXfY+D1oyJm7/F4t5PYU5n8SWZgG0FEwakyM8pGgwcBYruGTlA==
  
  "@rolldown/binding-linux-s390x-gnu@1.0.0-rc.17":
    version "1.0.0-rc.17"
    resolved "https://registry.yarnpkg.com/@rolldown/binding-linux-s390x-gnu/-/binding-linux-s390x-gnu-1.0.0-rc.17.tgz#d4a0d2e01d8d441e4ac3af3fa68eec17a7d0e9cd"
    integrity sha512-AH8oq3XqQo4IibpVXvPeLDI5pzkpYn0WiZAfT05kFzoJ6tQNzwRdDYQ45M8I/gslbodRZwW8uxLhbSBbkv96rA==
  
  "@rolldown/binding-linux-x64-gnu@1.0.0-rc.17":
    version "1.0.0-rc.17"
    resolved "https://registry.yarnpkg.com/@rolldown/binding-linux-x64-gnu/-/binding-linux-x64-gnu-1.0.0-rc.17.tgz#0ac8b3139cefeea798ad147f30ea70572b133af1"
    integrity sha512-cLnjV3xfo7KslbU41Z7z8BH/E1y5mzUYzAqih1d1MDaIGZRCMqTijqLv76/P7fyHuvUcfGsIpqCdddbxLLK9rA==
  
  "@rolldown/binding-linux-x64-musl@1.0.0-rc.17":
    version "1.0.0-rc.17"
    resolved "https://registry.yarnpkg.com/@rolldown/binding-linux-x64-musl/-/binding-linux-x64-musl-1.0.0-rc.17.tgz#2af61bee087571728f58f1c47734bbbd41dd7050"
    integrity sha512-0phclDw1spsL7dUB37sIARuis2tAgomCJXAHZlpt8PXZ4Ba0dRP1e+66lsRqrfhISeN9bEGNjQs+T/Fbd7oYGw==
  
  "@rolldown/binding-openharmony-arm64@1.0.0-rc.17":
    version "1.0.0-rc.17"
    resolved "https://registry.yarnpkg.com/@rolldown/binding-openharmony-arm64/-/binding-openharmony-arm64-1.0.0-rc.17.tgz#56c1afbf6c592819abf47b4a983987dc288b30c1"
    integrity sha512-0ag/hEgXOwgw4t8QyQvUCxvEg+V0KBcA6YuOx9g0r02MprutRF5dyljgm3EmR02O292UX7UeS6HzWHAl6KgyhA==
  
  "@rolldown/binding-wasm32-wasi@1.0.0-rc.17":
    version "1.0.0-rc.17"
    resolved "https://registry.yarnpkg.com/@rolldown/binding-wasm32-wasi/-/binding-wasm32-wasi-1.0.0-rc.17.tgz#5d112ff4dd0d268a60fb4e0eb3077e3ea2531f0d"
    integrity sha512-LEXei6vo0E5wTGwpkJ4KoT3OZJRnglwldt5ziLzOlc6qqb55z4tWNq2A+PFqCJuvWWdP53CVhG1Z9NtToDPJrA==
    dependencies:
      "@emnapi/core" "1.10.0"
      "@emnapi/runtime" "1.10.0"
      "@napi-rs/wasm-runtime" "^1.1.4"
  
  "@rolldown/binding-win32-arm64-msvc@1.0.0-rc.17":
    version "1.0.0-rc.17"
    resolved "https://registry.yarnpkg.com/@rolldown/binding-win32-arm64-msvc/-/binding-win32-arm64-msvc-1.0.0-rc.17.tgz#5125a85222d64a543201d28e16a395cc45bf4d17"
    integrity sha512-gUmyzBl3SPMa6hrqFUth9sVfcLBlYsbMzBx5PlexMroZStgzGqlZ26pYG89rBb45Mnia+oil6YAIFeEWGWhoZA==
  
  "@rolldown/binding-win32-x64-msvc@1.0.0-rc.17":
    version "1.0.0-rc.17"
    resolved "https://registry.yarnpkg.com/@rolldown/binding-win32-x64-msvc/-/binding-win32-x64-msvc-1.0.0-rc.17.tgz#fc6b78e759a0bb2054b5c0a3489da12b2cae54b4"
    integrity sha512-3hkiolcUAvPB9FLb3UZdfjVVNWherN1f/skkGWJP/fgSQhYUZpSIRr0/I8ZK9TkF3F7kxvJAk0+IcKvPHk9qQg==
  
  "@rolldown/pluginutils@1.0.0-rc.17":
    version "1.0.0-rc.17"
    resolved "https://registry.yarnpkg.com/@rolldown/pluginutils/-/pluginutils-1.0.0-rc.17.tgz#a89b30833fb628bc834fe2e89fea93a2da9fa69a"
    integrity sha512-n8iosDOt6Ig1UhJ2AYqoIhHWh/isz0xpicHTzpKBeotdVsTEcxsSA/i3EVM7gQAj0rU27OLAxCjzlj15IWY7bg==
  
  "@sindresorhus/is@^4.6.0":
    version "4.6.0"
    resolved "https://registry.yarnpkg.com/@sindresorhus/is/-/is-4.6.0.tgz#3c7c9c46e678feefe7a2e5bb609d3dbd665ffb3f"
    integrity sha512-t09vSN3MdfsyCHoFcTRCH/iUtG7OJ0CsjzB8cjAmKc/va/kIgeDI/TxsigdncE/4be734m0cvIYwNaV4i2XqAw==
  
  "@sqltools/formatter@^1.2.5":
    version "1.2.5"
    resolved "https://registry.yarnpkg.com/@sqltools/formatter/-/formatter-1.2.5.tgz#3abc203c79b8c3e90fd6c156a0c62d5403520e12"
    integrity sha512-Uy0+khmZqUrUGm5dmMqVlnvufZRSK0FbYzVgp0UMstm+F5+W2/jnEEQyc9vo1ZR/E5ZI/B1WjjoTqBqwJL6Krw==
  
  "@standard-schema/spec@1.1.0":
    version "1.1.0"
    resolved "https://registry.yarnpkg.com/@standard-schema/spec/-/spec-1.1.0.tgz#a79b55dbaf8604812f52d140b2c9ab41bc150bb8"
    integrity sha512-l2aFy5jALhniG5HgqrD6jXLi/rUWrKvqN/qJx6yoJsgKhblVd+iqqU4RCXavm/jPityDo5TCvKMnpjKnOriy0w==
  
  "@tokenizer/inflate@^0.4.1":
    version "0.4.1"
    resolved "https://registry.yarnpkg.com/@tokenizer/inflate/-/inflate-0.4.1.tgz#fa6cdb8366151b3cc8426bf9755c1ea03a2fba08"
    integrity sha512-2mAv+8pkG6GIZiF1kNg1jAjh27IDxEPKwdGul3snfztFerfPGI1LjDezZp3i7BElXompqEtPmoPx6c2wgtWsOA==
    dependencies:
      debug "^4.4.3"
      token-types "^6.1.1"
  
  "@tokenizer/token@^0.3.0":
    version "0.3.0"
    resolved "https://registry.yarnpkg.com/@tokenizer/token/-/token-0.3.0.tgz#fe98a93fe789247e998c75e74e9c7c63217aa276"
    integrity sha512-OvjF+z51L3ov0OyAU0duzsYuvO01PH7x4t6DJx+guahgTnBHkhJdG7soQeTSFLWN3efnHyibZ4Z8l2EuWwJN3A==
  
  "@tybys/wasm-util@^0.10.1":
    version "0.10.2"
    resolved "https://registry.yarnpkg.com/@tybys/wasm-util/-/wasm-util-0.10.2.tgz#12b3a1b33db1f9cad4ddff1f604ab7dd00bf464e"
    integrity sha512-RoBvJ2X0wuKlWFIjrwffGw1IqZHKQqzIchKaadZZfnNpsAYp2mM0h36JtPCjNDAHGgYez/15uMBpfGwchhiMgg==
    dependencies:
      tslib "^2.4.0"
  
  "@types/body-parser@*":
    version "1.19.6"
    resolved "https://registry.yarnpkg.com/@types/body-parser/-/body-parser-1.19.6.tgz#1859bebb8fd7dac9918a45d54c1971ab8b5af474"
    integrity sha512-HLFeCYgz89uk22N5Qg3dvGvsv46B8GLvKKo1zKG4NybA8U2DiEO3w9lqGg29t/tfLRJpJ6iQxnVw4OnB7MoM9g==
    dependencies:
      "@types/connect" "*"
      "@types/node" "*"
  
  "@types/chai@^5.2.2":
    version "5.2.3"
    resolved "https://registry.yarnpkg.com/@types/chai/-/chai-5.2.3.tgz#8e9cd9e1c3581fa6b341a5aed5588eb285be0b4a"
    integrity sha512-Mw558oeA9fFbv65/y4mHtXDs9bPnFMZAL/jxdPFUpOHHIXX91mcgEHbS5Lahr+pwZFR8A7GQleRWeI6cGFC2UA==
    dependencies:
      "@types/deep-eql" "*"
      assertion-error "^2.0.1"
  
  "@types/connect@*":
    version "3.4.38"
    resolved "https://registry.yarnpkg.com/@types/connect/-/connect-3.4.38.tgz#5ba7f3bc4fbbdeaff8dded952e5ff2cc53f8d858"
    integrity sha512-K6uROf1LD88uDQqJCktA4yzL1YYAK6NgfsI0v/mTgyPKWsX1CnJ0XPSDhViejru1GcRkLWb8RlzFYJRqGUbaug==
    dependencies:
      "@types/node" "*"
  
  "@types/cookie-parser@^1.4.10":
    version "1.4.10"
    resolved "https://registry.yarnpkg.com/@types/cookie-parser/-/cookie-parser-1.4.10.tgz#a045272a383a30597a01955d4f9c790018f214e4"
    integrity sha512-B4xqkqfZ8Wek+rCOeRxsjMS9OgvzebEzzLYw7NHYuvzb7IdxOkI0ZHGgeEBX4PUM7QGVvNSK60T3OvWj3YfBRg==
  
  "@types/deep-eql@*":
    version "4.0.2"
    resolved "https://registry.yarnpkg.com/@types/deep-eql/-/deep-eql-4.0.2.tgz#334311971d3a07121e7eb91b684a605e7eea9cbd"
    integrity sha512-c9h9dVVMigMPc4bwTvC5dxqtqJZwQPePsWjPlpSOnojbor6pGqdk541lfA7AqFQr5pB1BRdq0juY9db81BwyFw==
  
  "@types/estree@^1.0.0":
    version "1.0.9"
    resolved "https://registry.yarnpkg.com/@types/estree/-/estree-1.0.9.tgz#cf3f0e876d7bee15a93ab925b82bf570a3904a24"
    integrity sha512-GhdPgy1el4/ImP05X05Uw4cw2/M93BCUmnEvWZNStlCzEKME4Fkk+YpoA5OiHNQmoS7Cafb8Xa3Pya8m1Qrzeg==
  
  "@types/express-serve-static-core@^5.0.0":
    version "5.1.1"
    resolved "https://registry.yarnpkg.com/@types/express-serve-static-core/-/express-serve-static-core-5.1.1.tgz#1a77faffee9572d39124933259be2523837d7eaa"
    integrity sha512-v4zIMr/cX7/d2BpAEX3KNKL/JrT1s43s96lLvvdTmza1oEvDudCqK9aF/djc/SWgy8Yh0h30TZx5VpzqFCxk5A==
    dependencies:
      "@types/node" "*"
      "@types/qs" "*"
      "@types/range-parser" "*"
      "@types/send" "*"
  
  "@types/express@*", "@types/express@^5.0.6":
    version "5.0.6"
    resolved "https://registry.yarnpkg.com/@types/express/-/express-5.0.6.tgz#2d724b2c990dcb8c8444063f3580a903f6d500cc"
    integrity sha512-sKYVuV7Sv9fbPIt/442koC7+IIwK5olP1KWeD88e/idgoJqDm3JV/YUiPwkoKK92ylff2MGxSz1CSjsXelx0YA==
    dependencies:
      "@types/body-parser" "*"
      "@types/express-serve-static-core" "^5.0.0"
      "@types/serve-static" "^2"
  
  "@types/http-errors@*":
    version "2.0.5"
    resolved "https://registry.yarnpkg.com/@types/http-errors/-/http-errors-2.0.5.tgz#5b749ab2b16ba113423feb1a64a95dcd30398472"
    integrity sha512-r8Tayk8HJnX0FztbZN7oVqGccWgw98T/0neJphO91KkmOzug1KkofZURD4UaD5uH8AqcFLfdPErnBod0u71/qg==
  
  "@types/jsonwebtoken@^9.0.10":
    version "9.0.10"
    resolved "https://registry.yarnpkg.com/@types/jsonwebtoken/-/jsonwebtoken-9.0.10.tgz#a7932a47177dcd4283b6146f3bd5c26d82647f09"
    integrity sha512-asx5hIG9Qmf/1oStypjanR7iKTv0gXQ1Ov/jfrX6kS/EO0OFni8orbmGCn0672NHR3kXHwpAwR+B368ZGN/2rA==
    dependencies:
      "@types/ms" "*"
      "@types/node" "*"
  
  "@types/ms@*":
    version "2.1.0"
    resolved "https://registry.yarnpkg.com/@types/ms/-/ms-2.1.0.tgz#052aa67a48eccc4309d7f0191b7e41434b90bb78"
    integrity sha512-GsCCIZDE/p3i96vtEqx+7dBUGXrc7zeSK3wwPHIaRThS+9OhWIXRqzs4d6k1SVU8g91DrNRWxWUGhp5KXQb2VA==
  
  "@types/multer@^2.1.0":
    version "2.1.0"
    resolved "https://registry.yarnpkg.com/@types/multer/-/multer-2.1.0.tgz#c6ae866b9a3d9310b477d021a78b33feda092358"
    integrity sha512-zYZb0+nJhOHtPpGDb3vqPjwpdeGlGC157VpkqNQL+UU2qwoacoQ7MpsAmUptI/0Oa127X32JzWDqQVEXp2RcIA==
    dependencies:
      "@types/express" "*"
  
  "@types/node@*", "@types/node@^25.6.0":
    version "25.6.0"
    resolved "https://registry.yarnpkg.com/@types/node/-/node-25.6.0.tgz#4e09bad9b469871f2d0f68140198cbd714f4edca"
    integrity sha512-+qIYRKdNYJwY3vRCZMdJbPLJAtGjQBudzZzdzwQYkEPQd+PJGixUL5QfvCLDaULoLv+RhT3LDkwEfKaAkgSmNQ==
    dependencies:
      undici-types "~7.19.0"
  
  "@types/nodemailer@^8.0.0":
    version "8.0.0"
    resolved "https://registry.yarnpkg.com/@types/nodemailer/-/nodemailer-8.0.0.tgz#ea189a9c151c04cc65c8a2a4c668c65d952a24e2"
    integrity sha512-fyf8jWULsCo0d0BuoQ75i6IeoHs47qcqxWc7yUdUcV0pOZGjUTTOvwdG1PRXUDqN/8A64yQdQdnA2pZgcdi+cA==
    dependencies:
      "@types/node" "*"
  
  "@types/qs@*":
    version "6.15.0"
    resolved "https://registry.yarnpkg.com/@types/qs/-/qs-6.15.0.tgz#963ab61779843fe910639a50661b48f162bc7f79"
    integrity sha512-JawvT8iBVWpzTrz3EGw9BTQFg3BQNmwERdKE22vlTxawwtbyUSlMppvZYKLZzB5zgACXdXxbD3m1bXaMqP/9ow==
  
  "@types/range-parser@*":
    version "1.2.7"
    resolved "https://registry.yarnpkg.com/@types/range-parser/-/range-parser-1.2.7.tgz#50ae4353eaaddc04044279812f52c8c65857dbcb"
    integrity sha512-hKormJbkJqzQGhziax5PItDUTMAM9uE2XXQmM37dyd4hVM+5aVl7oVxMVUiVQn2oCQFN/LKCZdvSM0pFRqbSmQ==
  
  "@types/send@*":
    version "1.2.1"
    resolved "https://registry.yarnpkg.com/@types/send/-/send-1.2.1.tgz#6a784e45543c18c774c049bff6d3dbaf045c9c74"
    integrity sha512-arsCikDvlU99zl1g69TcAB3mzZPpxgw0UQnaHeC1Nwb015xp8bknZv5rIfri9xTOcMuaVgvabfIRA7PSZVuZIQ==
    dependencies:
      "@types/node" "*"
  
  "@types/serve-static@^2":
    version "2.2.0"
    resolved "https://registry.yarnpkg.com/@types/serve-static/-/serve-static-2.2.0.tgz#d4a447503ead0d1671132d1ab6bd58b805d8de6a"
    integrity sha512-8mam4H1NHLtu7nmtalF7eyBH14QyOASmcxHhSfEoRyr0nP/YdoesEtU+uSRvMe96TW/HPTtkoKqQLl53N7UXMQ==
    dependencies:
      "@types/http-errors" "*"
      "@types/node" "*"
  
  "@types/validator@^13.15.3":
    version "13.15.10"
    resolved "https://registry.yarnpkg.com/@types/validator/-/validator-13.15.10.tgz#742b77ec34d58554b94a76a14cef30d59e3c16b9"
    integrity sha512-T8L6i7wCuyoK8A/ZeLYt1+q0ty3Zb9+qbSSvrIVitzT3YjZqkTZ40IbRsPanlB4h1QB3JVL1SYCdR6ngtFYcuA==
  
  "@vitest/mocker@5.0.1":
    version "5.0.1"
    resolved "https://registry.yarnpkg.com/@vitest/mocker/-/mocker-5.0.1.tgz#e1ca450ac67a57638e79b08481797793700a09f2"
    integrity sha512-6K1DoBNAPGvuOcSsGA4D6x+5zEEff/KmOOP3uetT2TrGpVfI+HRHRnJJfKi5ib/g1vx8IYHQD8s0pbJz8WQI7Q==
    dependencies:
      "@jridgewell/trace-mapping" "0.3.31"
      "@vitest/spy" "5.0.1"
      estree-walker "^3.0.3"
      magic-string "^1.2.3"
  
  "@vitest/spy@5.0.1":
    version "5.0.1"
    resolved "https://registry.yarnpkg.com/@vitest/spy/-/spy-5.0.1.tgz#6dac40afd5620613c8d344542d3c30e8e20e32dd"
    integrity sha512-rbto/mF/SGERxEgYOek7Xm6B9b+y+mVoo+f4b2LymYO8zM1b7uB5nHuhVMTP2hxdzgxvGiZYGxGIaMvL5y180Q==
  
  accepts@^2.0.0:
    version "2.0.0"
    resolved "https://registry.yarnpkg.com/accepts/-/accepts-2.0.0.tgz#bbcf4ba5075467f3f2131eab3cffc73c2f5d7895"
    integrity sha512-5cvg6CtKwfgdmVqY1WIiXKc3Q1bkRqGLi+2W/6ao+6Y7gu/RCwRuAhGEzh5B4KlszSuTLgZYuqFqo5bImjNKng==
    dependencies:
      mime-types "^3.0.0"
      negotiator "^1.0.0"
  
  ajv-formats@3.0.1:
    version "3.0.1"
    resolved "https://registry.yarnpkg.com/ajv-formats/-/ajv-formats-3.0.1.tgz#3d5dc762bca17679c3c2ea7e90ad6b7532309578"
    integrity sha512-8iUql50EUR+uUcdRQ3HDqa6EVyo3docL8g5WJ3FNcWmu62IbkGUue/pEyLBW8VGKKucTPgqeks4fIU1DA4yowQ==
    dependencies:
      ajv "^8.0.0"
  
  ajv@8.20.0, ajv@^8.0.0:
    version "8.20.0"
    resolved "https://registry.yarnpkg.com/ajv/-/ajv-8.20.0.tgz#304b3636add88ba7d936760dd50ece006dea95f9"
    integrity sha512-Thbli+OlOj+iMPYFBVBfJ3OmCAnaSyNn4M1vz9T6Gka5Jt9ba/HIR56joy65tY6kx/FCF5VXNB819Y7/GUrBGA==
    dependencies:
      fast-deep-equal "^3.1.3"
      fast-uri "^3.0.1"
      json-schema-traverse "^1.0.0"
      require-from-string "^2.0.2"
  
  ansi-escapes@^4.2.1:
    version "4.3.2"
    resolved "https://registry.yarnpkg.com/ansi-escapes/-/ansi-escapes-4.3.2.tgz#6b2291d1db7d98b6521d5f1efa42d0f3a9feb65e"
    integrity sha512-gKXj5ALrKWQLsYG9jlTRmR/xKluxHV+Z9QEwNIgCfM1/uwPMCuzVVnh5mwTd+OuBZcwSIMbqssNWRm1lE51QaQ==
    dependencies:
      type-fest "^0.21.3"
  
  ansi-regex@^5.0.1:
    version "5.0.1"
    resolved "https://registry.yarnpkg.com/ansi-regex/-/ansi-regex-5.0.1.tgz#082cb2c89c9fe8659a311a53bd6a4dc5301db304"
    integrity sha512-quJQXlTSUGL2LH9SUXo8VwsY4soanhgo6LNSm84E1LBcE8s3O0wpdiRzyR9z/ZZJMlMWv37qOOb9pdJlMUEKFQ==
  
  ansi-regex@^6.2.2:
    version "6.2.2"
    resolved "https://registry.yarnpkg.com/ansi-regex/-/ansi-regex-6.2.2.tgz#60216eea464d864597ce2832000738a0589650c1"
    integrity sha512-Bq3SmSpyFHaWjPk8If9yc6svM8c56dB5BAtW4Qbw5jHTwwXXcTLoRMkpDJp6VL0XzlWaCHTXrkFURMYmD0sLqg==
  
  ansi-styles@^4.0.0, ansi-styles@^4.1.0:
    version "4.3.0"
    resolved "https://registry.yarnpkg.com/ansi-styles/-/ansi-styles-4.3.0.tgz#edd803628ae71c04c85ae7a0906edad34b648937"
    integrity sha512-zbB9rCJAT1rbjiVDb2hqKFHNYLxgtk8NURxZ3IZwD3F6NtxbXZQCnnSi1Lkx+IDohdPlFp222wVALIheZJQSEg==
    dependencies:
      color-convert "^2.0.1"
  
  ansi-styles@^6.1.0:
    version "6.2.3"
    resolved "https://registry.yarnpkg.com/ansi-styles/-/ansi-styles-6.2.3.tgz#c044d5dcc521a076413472597a1acb1f103c4041"
    integrity sha512-4Dj6M28JB+oAH8kFkTLUo+a2jwOFkuqb3yucU0CANcRRUbxS0cP0nZYCGjcc3BNXwRIsUVmDGgzawme7zvJHvg==
  
  ansis@4.4.0:
    version "4.4.0"
    resolved "https://registry.yarnpkg.com/ansis/-/ansis-4.4.0.tgz#da57640507ba67c95fcf1e7409c5b636b184aa35"
    integrity sha512-9k3v7xcHwgdO/DruxGIg4HtjvlAZlcnsX/mzqUb1t3NkYnl9kK2UJ+Gq0io+vQf7iT//BD/HB/NBkUR1LWxoeA==
  
  ansis@^4.2.0:
    version "4.2.0"
    resolved "https://registry.yarnpkg.com/ansis/-/ansis-4.2.0.tgz#2e6e61c46b11726ac67f78785385618b9e658780"
    integrity sha512-HqZ5rWlFjGiV0tDm3UxxgNRqsOTniqoKZu0pIAfh7TZQMGuZK+hH0drySty0si0QXj1ieop4+SkSfPZBPPkHig==
  
  app-root-path@^3.1.0:
    version "3.1.0"
    resolved "https://registry.yarnpkg.com/app-root-path/-/app-root-path-3.1.0.tgz#5971a2fc12ba170369a7a1ef018c71e6e47c2e86"
    integrity sha512-biN3PwB2gUtjaYy/isrU3aNWI5w+fAfvHkSvCKeQGxhmYpwKFUxudR3Yya+KqVRHBmEDYh+/lTozYCFbmzX4nA==
  
  append-field@^1.0.0:
    version "1.0.0"
    resolved "https://registry.yarnpkg.com/append-field/-/append-field-1.0.0.tgz#1e3440e915f0b1203d23748e78edd7b9b5b43e56"
    integrity sha512-klpgFSWLW1ZEs8svjfb7g4qWY0YS5imI82dTg+QahUvJ8YqAY0P10Uk8tTyh9ZGuYEZEMaeJYCF5BFuX552hsw==
  
  array-timsort@^1.0.3:
    version "1.0.3"
    resolved "https://registry.yarnpkg.com/array-timsort/-/array-timsort-1.0.3.tgz#3c9e4199e54fb2b9c3fe5976396a21614ef0d926"
    integrity sha512-/+3GRL7dDAGEfM6TseQk/U+mi18TU2Ms9I3UlLdUMhz2hbvGNTKdj9xniwXfUqgYhHxRx0+8UnKkvlNwVU+cWQ==
  
  assertion-error@^2.0.1:
    version "2.0.1"
    resolved "https://registry.yarnpkg.com/assertion-error/-/assertion-error-2.0.1.tgz#f641a196b335690b1070bf00b6e7593fec190bf7"
    integrity sha512-Izi8RQcffqCeNVgFigKli1ssklIbpHnCYc6AknXGYoB6grJqyeby7jv12JUQgmTAnIDnbck1uxksT4dzN3PWBA==
  
  available-typed-arrays@^1.0.7:
    version "1.0.7"
    resolved "https://registry.yarnpkg.com/available-typed-arrays/-/available-typed-arrays-1.0.7.tgz#a5cc375d6a03c2efc87a553f3e0b1522def14846"
    integrity sha512-wvUjBtSGN7+7SjNpq/9M2Tg350UZD3q62IFZLbRAR1bSMlCo1ZaeW+BJ+D090e4hIIZLBcTDWe4Mh4jvUDajzQ==
    dependencies:
      possible-typed-array-names "^1.0.0"
  
  balanced-match@^1.0.0:
    version "1.0.2"
    resolved "https://registry.yarnpkg.com/balanced-match/-/balanced-match-1.0.2.tgz#e83e3a7e3f300b34cb9d87f615fa0cbf357690ee"
    integrity sha512-3oSeUO0TMV67hN1AmbXsK4yaqU7tjiHlbxRDZOpH0KW9+CeX4bRAaX0Anxt0tx2MrpRpWwQaPwIlISEJhYU5Pw==
  
  balanced-match@^4.0.2:
    version "4.0.4"
    resolved "https://registry.yarnpkg.com/balanced-match/-/balanced-match-4.0.4.tgz#bfb10662feed8196a2c62e7c68e17720c274179a"
    integrity sha512-BLrgEcRTwX2o6gGxGOCNyMvGSp35YofuYzw9h1IMTRmKqttAZZVU67bdb9Pr2vUHA8+j3i2tJfjO6C6+4myGTA==
  
  base64-js@^1.3.1:
    version "1.5.1"
    resolved "https://registry.yarnpkg.com/base64-js/-/base64-js-1.5.1.tgz#1b1b440160a5bf7ad40b650f095963481903930a"
    integrity sha512-AKpaYlHn8t4SVbOHCy+b5+KKgvR4vrsD8vbvrbiQJps7fKDTkjkDry6ji0rUJjC0kzbNePLwzxq8iypo41qeWA==
  
  bl@^4.1.0:
    version "4.1.0"
    resolved "https://registry.yarnpkg.com/bl/-/bl-4.1.0.tgz#451535264182bec2fbbc83a62ab98cf11d9f7b3a"
    integrity sha512-1W07cM9gS6DcLperZfFSj+bWLtaPGSOHWhPiGzXmvVJbRLdG82sH/Kn8EtW1VqWVA54AKf2h5k5BbnIbwF3h6w==
    dependencies:
      buffer "^5.5.0"
      inherits "^2.0.4"
      readable-stream "^3.4.0"
  
  body-parser@^2.2.1:
    version "2.2.2"
    resolved "https://registry.yarnpkg.com/body-parser/-/body-parser-2.2.2.tgz#1a32cdb966beaf68de50a9dfbe5b58f83cb8890c"
    integrity sha512-oP5VkATKlNwcgvxi0vM0p/D3n2C3EReYVX+DNYs5TjZFn/oQt2j+4sVJtSMr18pdRr8wjTcBl6LoV+FUwzPmNA==
    dependencies:
      bytes "^3.1.2"
      content-type "^1.0.5"
      debug "^4.4.3"
      http-errors "^2.0.0"
      iconv-lite "^0.7.0"
      on-finished "^2.4.1"
      qs "^6.14.1"
      raw-body "^3.0.1"
      type-is "^2.0.1"
  
  brace-expansion@^2.0.2:
    version "2.1.0"
    resolved "https://registry.yarnpkg.com/brace-expansion/-/brace-expansion-2.1.0.tgz#4f41a41190216ee36067ec381526fe9539c4f0ae"
    integrity sha512-TN1kCZAgdgweJhWWpgKYrQaMNHcDULHkWwQIspdtjV4Y5aurRdZpjAqn6yX3FPqTA9ngHCc4hJxMAMgGfve85w==
    dependencies:
      balanced-match "^1.0.0"
  
  brace-expansion@^5.0.8:
    version "5.0.12"
    resolved "https://registry.yarnpkg.com/brace-expansion/-/brace-expansion-5.0.12.tgz#995fbb4750a77c4d16a7dc942ff2ca6ef8e675ec"
    integrity sha512-YovQ3rzhaLMIrDjNDMkNS01tea93qhEhG5xy8f6+R0l+dw3Ki+5sCoIoI942iuLZTHWogWktgwVDhU09iNEimQ==
    dependencies:
      balanced-match "^4.0.2"
  
  buffer-equal-constant-time@^1.0.1:
    version "1.0.1"
    resolved "https://registry.yarnpkg.com/buffer-equal-constant-time/-/buffer-equal-constant-time-1.0.1.tgz#f8e71132f7ffe6e01a5c9697a4c6f3e48d5cc819"
    integrity sha512-zRpUiDwd/xk6ADqPMATG8vc9VPrkck7T07OIx0gnjmJAnHnTVXNQG3vfvWNuiZIkwu9KrKdA1iJKfsfTVxE6NA==
  
  buffer@^5.5.0:
    version "5.7.1"
    resolved "https://registry.yarnpkg.com/buffer/-/buffer-5.7.1.tgz#ba62e7c13133053582197160851a8f648e99eed0"
    integrity sha512-EHcyIPBQ4BSGlvjB16k5KgAJ27CIsHY/2JBmCRReo48y9rQ3MaUzWX3KVlBa4U7MyX02HdVj0K7C3WaB3ju7FQ==
    dependencies:
      base64-js "^1.3.1"
      ieee754 "^1.1.13"
  
  buffer@^6.0.3:
    version "6.0.3"
    resolved "https://registry.yarnpkg.com/buffer/-/buffer-6.0.3.tgz#2ace578459cc8fbe2a70aaa8f52ee63b6a74c6c6"
    integrity sha512-FTiCpNxtwiZZHEZbcbTIcZjERVICn9yq/pDFkTl95/AxzD1naBctN7YO68riM/gLSDY7sdrMby8hofADYuuqOA==
    dependencies:
      base64-js "^1.3.1"
      ieee754 "^1.2.1"
  
  busboy@^1.6.0:
    version "1.6.0"
    resolved "https://registry.yarnpkg.com/busboy/-/busboy-1.6.0.tgz#966ea36a9502e43cdb9146962523b92f531f6893"
    integrity sha512-8SFQbg/0hQ9xy3UNTB0YEnsNBbWfhf7RtnzpL7TkBiTBRfrQ9Fxcnz7VJsleJpyp6rVLvXiuORqjlHi5q+PYuA==
    dependencies:
      streamsearch "^1.1.0"
  
  bytes@^3.1.2, bytes@~3.1.2:
    version "3.1.2"
    resolved "https://registry.yarnpkg.com/bytes/-/bytes-3.1.2.tgz#8b0beeb98605adf1b128fa4386403c009e0221a5"
    integrity sha512-/Nf7TyzTx6S3yRJObOAV7956r8cr2+Oj8AC5dt8wSP3BQAoeX58NoHyCU8P8zGkNXStjTSi6fzO6F0pBdcYbEg==
  
  cac@^7.0.0:
    version "7.0.0"
    resolved "https://registry.yarnpkg.com/cac/-/cac-7.0.0.tgz#7dda83da2268f75f840ab89ac3bcc36c120a78da"
    integrity sha512-tixWYgm5ZoOD+3g6UTea91eow5z6AAHaho3g0V9CNSNb45gM8SmflpAc+GRd1InC4AqN/07Unrgp56Y94N9hJQ==
  
  call-bind-apply-helpers@^1.0.1, call-bind-apply-helpers@^1.0.2:
    version "1.0.2"
    resolved "https://registry.yarnpkg.com/call-bind-apply-helpers/-/call-bind-apply-helpers-1.0.2.tgz#4b5428c222be985d79c3d82657479dbe0b59b2d6"
    integrity sha512-Sp1ablJ0ivDkSzjcaJdxEunN5/XvksFJ2sMBFfq6x0ryhQV/2b/KwFe21cMpmHtPOSij8K99/wSfoEuTObmuMQ==
    dependencies:
      es-errors "^1.3.0"
      function-bind "^1.1.2"
  
  call-bind@^1.0.8:
    version "1.0.9"
    resolved "https://registry.yarnpkg.com/call-bind/-/call-bind-1.0.9.tgz#39a644700c80bc7d0ca9102fc6d1d43b2fd7eee7"
    integrity sha512-a/hy+pNsFUTR+Iz8TCJvXudKVLAnz/DyeSUo10I5yvFDQJBFU2s9uqQpoSrJlroHUKoKqzg+epxyP9lqFdzfBQ==
    dependencies:
      call-bind-apply-helpers "^1.0.2"
      es-define-property "^1.0.1"
      get-intrinsic "^1.3.0"
      set-function-length "^1.2.2"
  
  call-bound@^1.0.2, call-bound@^1.0.3, call-bound@^1.0.4:
    version "1.0.4"
    resolved "https://registry.yarnpkg.com/call-bound/-/call-bound-1.0.4.tgz#238de935d2a2a692928c538c7ccfa91067fd062a"
    integrity sha512-+ys997U96po4Kx/ABpBCqhA9EuxJaQWDQg7295H4hBphv3IZg0boBKuwYpt4YXp6MZ5AmZQnU/tyMTlRpaSejg==
    dependencies:
      call-bind-apply-helpers "^1.0.2"
      get-intrinsic "^1.3.0"
  
  chai@^6.2.2:
    version "6.2.2"
    resolved "https://registry.yarnpkg.com/chai/-/chai-6.2.2.tgz#ae41b52c9aca87734505362717f3255facda360e"
    integrity sha512-NUPRluOfOiTKBKvWPtSD4PhFvWCqOi0BGStNWs57X9js7XGTprSmFoz5F0tWhR4WPjNeR9jXqdC7/UpSJTnlRg==
  
  chalk@4.1.2, chalk@^4.1.0, chalk@^4.1.1:
    version "4.1.2"
    resolved "https://registry.yarnpkg.com/chalk/-/chalk-4.1.2.tgz#aac4e2b7734a740867aeb16bf02aad556a1e7a01"
    integrity sha512-oKnbhFyRIXpUuez8iBMmyEa4nbj4IOQyuhc/wy9kY7/WVPcwIO9VA668Pu8RkO7+0G76SLROeyw9CpQ061i4mA==
    dependencies:
      ansi-styles "^4.1.0"
      supports-color "^7.1.0"
  
  chalk@^5.6.2:
    version "5.6.2"
    resolved "https://registry.yarnpkg.com/chalk/-/chalk-5.6.2.tgz#b1238b6e23ea337af71c7f8a295db5af0c158aea"
    integrity sha512-7NzBL0rN6fMUW+f7A6Io4h40qQlG+xGmtMxfbnH/K7TAtt8JQWVQK+6g0UXKMeVJoyV5EkkNsErQ8pVD3bLHbA==
  
  char-regex@^1.0.2:
    version "1.0.2"
    resolved "https://registry.yarnpkg.com/char-regex/-/char-regex-1.0.2.tgz#d744358226217f981ed58f479b1d6bcc29545dcf"
    integrity sha512-kWWXztvZ5SBQV+eRgKFeh8q5sLuZY2+8WUIzlxWVTg+oGwY14qylx1KbKzHd8P6ZYkAg0xyIDU9JMHhyJMZ1jw==
  
  chardet@^0.7.0:
    version "0.7.0"
    resolved "https://registry.yarnpkg.com/chardet/-/chardet-0.7.0.tgz#90094849f0937f2eedc2425d0d28a9e5f0cbad9e"
    integrity sha512-mT8iDcrh03qDGRRmoA2hmBJnxpllMR+0/0qlzjqZES6NdiWDcZkCNAk4rPFZ9Q85r27unkiNNg8ZOiwZXBHwcA==
  
  chardet@^2.1.1:
    version "2.2.0"
    resolved "https://registry.yarnpkg.com/chardet/-/chardet-2.2.0.tgz#005d664f2cbd4961888d2e2c32c5a69e59d8eec4"
    integrity sha512-rddelWYNPRrXq6PtNEN2S3f6t9ILzvqaN5pVgi4kqt9jHQaXIial9PznB5iSPVlQSLNaaH22ItWz3EJtQ10+OA==
  
  chokidar@5.0.0:
    version "5.0.0"
    resolved "https://registry.yarnpkg.com/chokidar/-/chokidar-5.0.0.tgz#949c126a9238a80792be9a0265934f098af369a5"
    integrity sha512-TQMmc3w+5AxjpL8iIiwebF73dRDF4fBIieAqGn9RGCWaEVwQ6Fb2cGe31Yns0RRIzii5goJ1Y7xbMwo1TxMplw==
    dependencies:
      readdirp "^5.0.0"
  
  class-transformer@^0.5.1:
    version "0.5.1"
    resolved "https://registry.yarnpkg.com/class-transformer/-/class-transformer-0.5.1.tgz#24147d5dffd2a6cea930a3250a677addf96ab336"
    integrity sha512-SQa1Ws6hUbfC98vKGxZH3KFY0Y1lm5Zm0SY8XX9zbK7FJCyVEac3ATW0RIpwzW+oOfmHE5PMPufDG9hCfoEOMw==
  
  class-validator@^0.15.1:
    version "0.15.1"
    resolved "https://registry.yarnpkg.com/class-validator/-/class-validator-0.15.1.tgz#002600c101bcebb16e7240870cb50535340c9600"
    integrity sha512-LqoS80HBBSCVhz/3KloUly0ovokxpdOLR++Al3J3+dHXWt9sTKlKd4eYtoxhxyUjoe5+UcIM+5k9MIxyBWnRTw==
    dependencies:
      "@types/validator" "^13.15.3"
      libphonenumber-js "^1.11.1"
      validator "^13.15.22"
  
  cli-cursor@^3.1.0:
    version "3.1.0"
    resolved "https://registry.yarnpkg.com/cli-cursor/-/cli-cursor-3.1.0.tgz#264305a7ae490d1d03bf0c9ba7c925d1753af307"
    integrity sha512-I/zHAwsKf9FqGoXM4WWRACob9+SNukZTd94DWF57E4toouRulbCxcUh6RKUEOQlYTHJnzkPMySvPNaaSLNfLZw==
    dependencies:
      restore-cursor "^3.1.0"
  
  cli-cursor@^5.0.0:
    version "5.0.0"
    resolved "https://registry.yarnpkg.com/cli-cursor/-/cli-cursor-5.0.0.tgz#24a4831ecf5a6b01ddeb32fb71a4b2088b0dce38"
    integrity sha512-aCj4O5wKyszjMmDT4tZj93kxyydN/K5zPWSCe6/0AV/AA1pqe5ZBIw0a2ZfPQV7lL5/yb5HsUreJ6UFAF1tEQw==
    dependencies:
      restore-cursor "^5.0.0"
  
  cli-progress@3.12.0:
    version "3.12.0"
    resolved "https://registry.yarnpkg.com/cli-progress/-/cli-progress-3.12.0.tgz#807ee14b66bcc086258e444ad0f19e7d42577942"
    integrity sha512-tRkV3HJ1ASwm19THiiLIXLO7Im7wlTuKnvkYaTkyoAPefqjNg7W7DHKUlGRxy9vxDvbyCYQkQozvptuMkGCg8A==
    dependencies:
      string-width "^4.2.3"
  
  cli-spinners@^2.5.0:
    version "2.9.2"
    resolved "https://registry.yarnpkg.com/cli-spinners/-/cli-spinners-2.9.2.tgz#1773a8f4b9c4d6ac31563df53b3fc1d79462fe41"
    integrity sha512-ywqV+5MmyL4E7ybXgKys4DugZbX0FC6LnwrhjuykIjnK9k8OQacQ7axGKnjDXWNhns0xot3bZI5h55H8yo9cJg==
  
  cli-spinners@^3.2.0:
    version "3.4.0"
    resolved "https://registry.yarnpkg.com/cli-spinners/-/cli-spinners-3.4.0.tgz#1f11f6d48c4e5bc6849fcb4efa0dc98f9e7299ea"
    integrity sha512-bXfOC4QcT1tKXGorxL3wbJm6XJPDqEnij2gQ2m7ESQuE+/z9YFIWnl/5RpTiKWbMq3EVKR4fRLJGn6DVfu0mpw==
  
  cli-table3@0.6.5:
    version "0.6.5"
    resolved "https://registry.yarnpkg.com/cli-table3/-/cli-table3-0.6.5.tgz#013b91351762739c16a9567c21a04632e449bf2f"
    integrity sha512-+W/5efTR7y5HRD7gACw9yQjqMVvEMLBHmboM/kPWam+H+Hmyrgjh6YncVKK122YZkXrLudzTuAukUw9FnMf7IQ==
    dependencies:
      string-width "^4.2.0"
    optionalDependencies:
      "@colors/colors" "1.5.0"
  
  cli-width@^3.0.0:
    version "3.0.0"
    resolved "https://registry.yarnpkg.com/cli-width/-/cli-width-3.0.0.tgz#a2f48437a2caa9a22436e794bf071ec9e61cedf6"
    integrity sha512-FxqpkPPwu1HjuN93Omfm4h8uIanXofW0RxVEW3k5RKx+mJJYSthzNhp32Kzxxy3YAEZ/Dc/EWN1vZRY0+kOhbw==
  
  cli-width@^4.1.0:
    version "4.1.0"
    resolved "https://registry.yarnpkg.com/cli-width/-/cli-width-4.1.0.tgz#42daac41d3c254ef38ad8ac037672130173691c5"
    integrity sha512-ouuZd4/dm2Sw5Gmqy6bGyNNNe1qt9RpmxveLSO7KcgsTnU7RXfsw+/bukWGo1abgBiMAic068rclZsO4IWmmxQ==
  
  cliui@^8.0.1:
    version "8.0.1"
    resolved "https://registry.yarnpkg.com/cliui/-/cliui-8.0.1.tgz#0c04b075db02cbfe60dc8e6cf2f5486b1a3608aa"
    integrity sha512-BSeNnyus75C4//NQ9gQt1/csTXyo/8Sb+afLAkzAptFuMsod9HFokGNudZpi/oQV73hnVK+sR+5PVRMd+Dr7YQ==
    dependencies:
      string-width "^4.2.0"
      strip-ansi "^6.0.1"
      wrap-ansi "^7.0.0"
  
  clone@^1.0.2:
    version "1.0.4"
    resolved "https://registry.yarnpkg.com/clone/-/clone-1.0.4.tgz#da309cc263df15994c688ca902179ca3c7cd7c7e"
    integrity sha512-JQHZ2QMW6l3aH/j6xCqQThY/9OH4D/9ls34cgkUBiEeocRTU04tHfKPBsUK1PqZCUQM7GiA0IIXJSuXHI64Kbg==
  
  color-convert@^2.0.1:
    version "2.0.1"
    resolved "https://registry.yarnpkg.com/color-convert/-/color-convert-2.0.1.tgz#72d3a68d598c9bdb3af2ad1e84f21d896abd4de3"
    integrity sha512-RRECPsj7iu/xb5oKYcsFHSppFNnsj/52OVTRKb4zP5onXwVF3zVmmToNcOfGC+CRDpfK/U584fMg38ZHCaElKQ==
    dependencies:
      color-name "~1.1.4"
  
  color-name@~1.1.4:
    version "1.1.4"
    resolved "https://registry.yarnpkg.com/color-name/-/color-name-1.1.4.tgz#c2a09a87acbde69543de6f63fa3995c826c536a2"
    integrity sha512-dOy+3AuW3a2wNbZHIuMZpTcgjGuLU/uBL/ubcZF9OXbDo8ff4O8yVp5Bf0efS8uEoYo5q4Fx7dY9OgQGXgAsQA==
  
  commander@15.0.0:
    version "15.0.0"
    resolved "https://registry.yarnpkg.com/commander/-/commander-15.0.0.tgz#96f3961f12adac1799ef3fbd8bc61d40572d1b11"
    integrity sha512-z67u4ZhzCL/Tydu1lJARtEZYWbWaN7oYLHbsuzocr6y4N6WZAagG3RQ4FW61V1/0+jImpj293XfrcYnd1qxtPg==
  
  commander@4.1.1:
    version "4.1.1"
    resolved "https://registry.yarnpkg.com/commander/-/commander-4.1.1.tgz#9fd602bd936294e9e9ef46a3f4d6964044b18068"
    integrity sha512-NOKm8xhkzAjzFx8B2v5OAHT+u5pRQc2UCa2Vq9jYL/31o2wi9mxBA7LIFs3sV5VSC49z6pEhfbMULvShKj26WA==
  
  comment-json@5.0.0:
    version "5.0.0"
    resolved "https://registry.yarnpkg.com/comment-json/-/comment-json-5.0.0.tgz#3b0cba63da30b31f8b3ea8d75f4d79bfa8346896"
    integrity sha512-uiqLcOiVDJtBP8WGkZHEP+FZIhTzP1dxvn59EfoYUi9gqupjrBWVQkO2atDrbnKPwLeotFYDsuNb26uBMqB+hw==
    dependencies:
      array-timsort "^1.0.3"
      esprima "^4.0.1"
  
  content-disposition@^1.0.0:
    version "1.1.0"
    resolved "https://registry.yarnpkg.com/content-disposition/-/content-disposition-1.1.0.tgz#f3db789c752d45564cc7e9e1e0b31790d4a38e17"
    integrity sha512-5jRCH9Z/+DRP7rkvY83B+yGIGX96OYdJmzngqnw2SBSxqCFPd0w2km3s5iawpGX8krnwSGmF0FW5Nhr0Hfai3g==
  
  content-type@^1.0.5:
    version "1.0.5"
    resolved "https://registry.yarnpkg.com/content-type/-/content-type-1.0.5.tgz#8b773162656d1d1086784c8f23a54ce6d73d7918"
    integrity sha512-nTjqfcBFEipKdXCv4YDQWCfmcLZKm81ldF0pAopTvyrFGVbcR6P/VAAd5G7N+0tTr8QqiU0tFadD6FK4NtJwOA==
  
  cookie-parser@^1.4.7:
    version "1.4.7"
    resolved "https://registry.yarnpkg.com/cookie-parser/-/cookie-parser-1.4.7.tgz#e2125635dfd766888ffe90d60c286404fa0e7b26"
    integrity sha512-nGUvgXnotP3BsjiLX2ypbQnWoGUPIIfHQNZkkC668ntrzGWEZVW70HDEB1qnNGMicPje6EttlIgzo51YSwNQGw==
    dependencies:
      cookie "0.7.2"
      cookie-signature "1.0.6"
  
  cookie-signature@1.0.6:
    version "1.0.6"
    resolved "https://registry.yarnpkg.com/cookie-signature/-/cookie-signature-1.0.6.tgz#e303a882b342cc3ee8ca513a79999734dab3ae2c"
    integrity sha512-QADzlaHc8icV8I7vbaJXJwod9HWYp8uCqf1xa4OfNu1T7JVxQIrUgOWtHdNDtPiywmFbiS12VjotIXLrKM3orQ==
  
  cookie-signature@^1.2.1:
    version "1.2.2"
    resolved "https://registry.yarnpkg.com/cookie-signature/-/cookie-signature-1.2.2.tgz#57c7fc3cc293acab9fec54d73e15690ebe4a1793"
    integrity sha512-D76uU73ulSXrD1UXF4KE2TMxVVwhsnCgfAyTg9k8P6KGZjlXKrOLe4dJQKI3Bxi5wjesZoFXJWElNWBjPZMbhg==
  
  cookie@0.7.2, cookie@^0.7.1:
    version "0.7.2"
    resolved "https://registry.yarnpkg.com/cookie/-/cookie-0.7.2.tgz#556369c472a2ba910f2979891b526b3436237ed7"
    integrity sha512-yki5XnKuf750l50uGTllt6kKILY4nQ1eNIQatoXEByZ5dWgnKqbnqmTrBE5B4N7lrMJKQ2ytWMiTO2o0v6Ew/w==
  
  cors@2.8.6:
    version "2.8.6"
    resolved "https://registry.yarnpkg.com/cors/-/cors-2.8.6.tgz#ff5dd69bd95e547503820d29aba4f8faf8dfec96"
    integrity sha512-tJtZBBHA6vjIAaF6EnIaq6laBBP9aq/Y3ouVJjEfoHbRBcHBAHYcMh/w8LDrk2PvIMMq8gmopa5D4V8RmbrxGw==
    dependencies:
      object-assign "^4"
      vary "^1"
  
  cross-spawn@^7.0.6:
    version "7.0.6"
    resolved "https://registry.yarnpkg.com/cross-spawn/-/cross-spawn-7.0.6.tgz#8a58fe78f00dcd70c370451759dfbfaf03e8ee9f"
    integrity sha512-uV2QOWP2nWzsy2aMp8aRibhi9dlzF5Hgh5SHaB9OiTGEyDTiJJyx0uy51QXdyWbtAHNua4XJzUKca3OzKUd3vA==
    dependencies:
      path-key "^3.1.0"
      shebang-command "^2.0.0"
      which "^2.0.1"
  
  dayjs@^1.11.19:
    version "1.11.20"
    resolved "https://registry.yarnpkg.com/dayjs/-/dayjs-1.11.20.tgz#88d919fd639dc991415da5f4cb6f1b6650811938"
    integrity sha512-YbwwqR/uYpeoP4pu043q+LTDLFBLApUP6VxRihdfNTqu4ubqMlGDLd6ErXhEgsyvY0K6nCs7nggYumAN+9uEuQ==
  
  debug@^4.4.0, debug@^4.4.3:
    version "4.4.3"
    resolved "https://registry.yarnpkg.com/debug/-/debug-4.4.3.tgz#c6ae432d9bd9662582fce08709b038c58e9e3d6a"
    integrity sha512-RGwwWnwQvkVfavKVt22FGLw+xYSdzARwm0ru6DhTVA3umU5hZc28V3kO4stgYryrTlLpuvgI9GiijltAjNbcqA==
    dependencies:
      ms "^2.1.3"
  
  dedent@^1.7.0:
    version "1.7.2"
    resolved "https://registry.yarnpkg.com/dedent/-/dedent-1.7.2.tgz#34e2264ab538301e27cf7b07bf2369c19baa8dd9"
    integrity sha512-WzMx3mW98SN+zn3hgemf4OzdmyNhhhKz5Ay0pUfQiMQ3e1g+xmTJWp/pKdwKVXhdSkAEGIIzqeuWrL3mV/AXbA==
  
  defaults@^1.0.3:
    version "1.0.4"
    resolved "https://registry.yarnpkg.com/defaults/-/defaults-1.0.4.tgz#b0b02062c1e2aa62ff5d9528f0f98baa90978d7a"
    integrity sha512-eFuaLoy/Rxalv2kr+lqMlUnrDWV+3j4pljOIJgLIhI058IQfWJ7vXhyEIHu+HtC738klGALYxOKDO0bQP3tg8A==
    dependencies:
      clone "^1.0.2"
  
  define-data-property@^1.1.4:
    version "1.1.4"
    resolved "https://registry.yarnpkg.com/define-data-property/-/define-data-property-1.1.4.tgz#894dc141bb7d3060ae4366f6a0107e68fbe48c5e"
    integrity sha512-rBMvIzlpA8v6E+SJZoo++HAYqsLrkg7MSfIinMPFhmkorw7X+dOXVJQs+QT69zGkzMyfDnIMN2Wid1+NbL3T+A==
    dependencies:
      es-define-property "^1.0.0"
      es-errors "^1.3.0"
      gopd "^1.0.1"
  
  depd@^2.0.0, depd@~2.0.0:
    version "2.0.0"
    resolved "https://registry.yarnpkg.com/depd/-/depd-2.0.0.tgz#b696163cc757560d09cf22cc8fad1571b79e76df"
    integrity sha512-g7nH6P6dyDioJogAAGprGpCtVImJhpPk/roCzdb3fIh61/s/nPsfR6onyMwkCAR/OlC3yBC0lESvUoQEAssIrw==
  
  detect-libc@^2.0.3:
    version "2.1.2"
    resolved "https://registry.yarnpkg.com/detect-libc/-/detect-libc-2.1.2.tgz#689c5dcdc1900ef5583a4cb9f6d7b473742074ad"
    integrity sha512-Btj2BOOO83o3WyH59e8MgXsxEQVcarkUOpEYrubB0urwnN10yQ364rsiByU11nZlqWYZm05i/of7io4mzihBtQ==
  
  dotenv@^16.4.7, dotenv@^16.6.1:
    version "16.6.1"
    resolved "https://registry.yarnpkg.com/dotenv/-/dotenv-16.6.1.tgz#773f0e69527a8315c7285d5ee73c4459d20a8020"
    integrity sha512-uBq4egWHTcTt33a72vpSG0z3HnPuIl6NqYcTrKEg2azoEyl2hpW0zqlxysq2pK9HlDIHyHyakeYaYnSAwd8bow==
  
  dunder-proto@^1.0.1:
    version "1.0.1"
    resolved "https://registry.yarnpkg.com/dunder-proto/-/dunder-proto-1.0.1.tgz#d7ae667e1dc83482f8b70fd0f6eefc50da30f58a"
    integrity sha512-KIN/nDJBQRcXw0MLVhZE9iQHmG68qAVIBg9CqmUYjmQIhgij9U5MFvrqkUL5FbtyyzZuOeOt0zdeRe4UY7ct+A==
    dependencies:
      call-bind-apply-helpers "^1.0.1"
      es-errors "^1.3.0"
      gopd "^1.2.0"
  
  eastasianwidth@^0.2.0:
    version "0.2.0"
    resolved "https://registry.yarnpkg.com/eastasianwidth/-/eastasianwidth-0.2.0.tgz#696ce2ec0aa0e6ea93a397ffcf24aa7840c827cb"
    integrity sha512-I88TYZWc9XiYHRQ4/3c5rjjfgkjhLyW2luGIheGERbNQ6OY7yTybanSpDXZa8y7VUP9YmDcYa+eyq4ca7iLqWA==
  
  ecdsa-sig-formatter@1.0.11:
    version "1.0.11"
    resolved "https://registry.yarnpkg.com/ecdsa-sig-formatter/-/ecdsa-sig-formatter-1.0.11.tgz#ae0f0fa2d85045ef14a817daa3ce9acd0489e5bf"
    integrity sha512-nagl3RYrbNv6kQkeJIpt6NJZy8twLB/2vtz6yN9Z4vRKHN4/QZJIEbqohALSgwKdnksuY3k5Addp5lg8sVoVcQ==
    dependencies:
      safe-buffer "^5.0.1"
  
  ee-first@1.1.1:
    version "1.1.1"
    resolved "https://registry.yarnpkg.com/ee-first/-/ee-first-1.1.1.tgz#590c61156b0ae2f4f0255732a158b266bc56b21d"
    integrity sha512-WMwm9LhRUo+WUaRN+vRuETqG89IgZphVSNkdFgeb6sS/E4OrDIN7t48CAewSHXc6C8lefD8KKfr5vY61brQlow==
  
  emoji-regex@^8.0.0:
    version "8.0.0"
    resolved "https://registry.yarnpkg.com/emoji-regex/-/emoji-regex-8.0.0.tgz#e818fd69ce5ccfcb404594f842963bf53164cc37"
    integrity sha512-MSjYzcWNOA0ewAHpz0MxpYFvwg6yjy1NG3xteoqz644VCo/RPgnr1/GGt+ic3iJTzQ8Eu3TdM14SawnVUmGE6A==
  
  emoji-regex@^9.2.2:
    version "9.2.2"
    resolved "https://registry.yarnpkg.com/emoji-regex/-/emoji-regex-9.2.2.tgz#840c8803b0d8047f4ff0cf963176b32d4ef3ed72"
    integrity sha512-L18DaJsXSUk2+42pv8mLs5jJT2hqFkFE4j21wOmgbUqsZ2hL72NsUU785g9RXgo3s0ZNgVl42TiHp3ZtOv/Vyg==
  
  emojilib@^2.4.0:
    version "2.4.0"
    resolved "https://registry.yarnpkg.com/emojilib/-/emojilib-2.4.0.tgz#ac518a8bb0d5f76dda57289ccb2fdf9d39ae721e"
    integrity sha512-5U0rVMU5Y2n2+ykNLQqMoqklN9ICBT/KsvC1Gz6vqHbz2AXXGkG+Pm5rMWk/8Vjrr/mY9985Hi8DYzn1F09Nyw==
  
  encodeurl@^2.0.0:
    version "2.0.0"
    resolved "https://registry.yarnpkg.com/encodeurl/-/encodeurl-2.0.0.tgz#7b8ea898077d7e409d3ac45474ea38eaf0857a58"
    integrity sha512-Q0n9HRi4m6JuGIV1eFlmvJB7ZEVxu93IrMyiMsGC0lrMJMWzRgx6WGquyfQgZVb31vhGgXnfmPNNXmxnOkRBrg==
  
  es-define-property@^1.0.0, es-define-property@^1.0.1:
    version "1.0.1"
    resolved "https://registry.yarnpkg.com/es-define-property/-/es-define-property-1.0.1.tgz#983eb2f9a6724e9303f61addf011c72e09e0b0fa"
    integrity sha512-e3nRfgfUZ4rNGL232gUgX06QNyyez04KdjFrF+LTRoOXmrOgFKDg4BCdsjW8EnT69eqdYGmRpJwiPVYNrCaW3g==
  
  es-errors@^1.3.0:
    version "1.3.0"
    resolved "https://registry.yarnpkg.com/es-errors/-/es-errors-1.3.0.tgz#05f75a25dab98e4fb1dcd5e1472c0546d5057c8f"
    integrity sha512-Zf5H2Kxt2xjTvbJvP2ZWLEICxA6j+hAmMzIlypy4xcBg1vKVnx89Wy0GbS+kf5cwCVFFzdCFh2XSCFNULS6csw==
  
  es-module-lexer@^2.0.0:
    version "2.1.0"
    resolved "https://registry.yarnpkg.com/es-module-lexer/-/es-module-lexer-2.1.0.tgz#1dfcbb5ea3bbfb63f28e1fc3676c3676d1c9624c"
    integrity sha512-n27zTYMjYu1aj4MjCWzSP7G9r75utsaoc8m61weK+W8JMBGGQybd43GstCXZ3WNmSFtGT9wi59qQTW6mhTR5LQ==
  
  es-module-lexer@^2.3.2:
    version "2.3.2"
    resolved "https://registry.yarnpkg.com/es-module-lexer/-/es-module-lexer-2.3.2.tgz#311fa4f40168c1975c505477c51b23234d41ad55"
    integrity sha512-poHGpORABojJJucnV9KbOavETW8lBVnphkW77ER5/BQ5Fz7oXSoCNek7IH3vR5nRjdsEz926ibFYX8KtLQmdyw==
  
  es-object-atoms@^1.0.0, es-object-atoms@^1.1.1:
    version "1.1.1"
    resolved "https://registry.yarnpkg.com/es-object-atoms/-/es-object-atoms-1.1.1.tgz#1c4f2c4837327597ce69d2ca190a7fdd172338c1"
    integrity sha512-FGgH2h8zKNim9ljj7dankFPcICIK9Cp5bm+c2gQSYePhpaG5+esrLODihIorn+Pe6FGJzWhXQotPv73jTaldXA==
    dependencies:
      es-errors "^1.3.0"
  
  escalade@^3.1.1:
    version "3.2.0"
    resolved "https://registry.yarnpkg.com/escalade/-/escalade-3.2.0.tgz#011a3f69856ba189dffa7dc8fcce99d2a87903e5"
    integrity sha512-WUj2qlxaQtO4g6Pq5c29GTcWGDyd8itL8zTlipgECz3JesAiiOKotd8JU6otB3PACgG6xkJUyVhboMS+bje/jA==
  
  escape-html@^1.0.3:
    version "1.0.3"
    resolved "https://registry.yarnpkg.com/escape-html/-/escape-html-1.0.3.tgz#0258eae4d3d0c0974de1c169188ef0051d1d1988"
    integrity sha512-NiSupZ4OeuGwr68lGIeym/ksIZMJodUGOSCZ/FSnTxcrekbvqrgdUxlJOMpijaKZVjAJrWrGs/6Jy8OMuyj9ow==
  
  escape-string-regexp@^1.0.5:
    version "1.0.5"
    resolved "https://registry.yarnpkg.com/escape-string-regexp/-/escape-string-regexp-1.0.5.tgz#1b61c0562190a8dff6ae3bb2cf0200ca130b86d4"
    integrity sha512-vbRorB5FUQWvla16U8R/qgaFIya2qGzwDrNmCZuYKrbdSUMG6I1ZCGQRefkRVhuOkIGVne7BQ35DSfo1qvJqFg==
  
  esprima@^4.0.1:
    version "4.0.1"
    resolved "https://registry.yarnpkg.com/esprima/-/esprima-4.0.1.tgz#13b04cdb3e6c5d19df91ab6987a8695619b0aa71"
    integrity sha512-eGuFFw7Upda+g4p+QHvnW0RyTX/SVeJBDM/gCtMARO0cLuT2HcEKnTPvhjV6aGeqrCB/sbNop0Kszm0jsaWU4A==
  
  estree-walker@^3.0.3:
    version "3.0.3"
    resolved "https://registry.yarnpkg.com/estree-walker/-/estree-walker-3.0.3.tgz#67c3e549ec402a487b4fc193d1953a524752340d"
    integrity sha512-7RUKfXgSMMkzt6ZuXmqapOurLGPPfgj6l9uRZ7lRGolvk0y2yocc35LdcxKC5PQZdn2DMqioAQ2NoWcrTKmm6g==
    dependencies:
      "@types/estree" "^1.0.0"
  
  etag@^1.8.1:
    version "1.8.1"
    resolved "https://registry.yarnpkg.com/etag/-/etag-1.8.1.tgz#41ae2eeb65efa62268aebfea83ac7d79299b0887"
    integrity sha512-aIL5Fx7mawVa300al2BnEE4iNvo1qETxLrPI/o05L7z6go7fCw1J6EQmbK4FmJ2AS7kgVF/KEZWufBfdClMcPg==
  
  expect-type@^1.4.0:
    version "1.4.0"
    resolved "https://registry.yarnpkg.com/expect-type/-/expect-type-1.4.0.tgz#24edf7f0cc69a44d008567ba4594ab96f3c3a3d6"
    integrity sha512-KfYbmpRm0VbLjEvVa9yGwCi9GI34xvi7A/HXYWQO65CSD2u3MczUJSuwXKFIxlGsgBQizV9q5J9NHj4VG0n+pA==
  
  express@5.2.1:
    version "5.2.1"
    resolved "https://registry.yarnpkg.com/express/-/express-5.2.1.tgz#8f21d15b6d327f92b4794ecf8cb08a72f956ac04"
    integrity sha512-hIS4idWWai69NezIdRt2xFVofaF4j+6INOpJlVOLDO8zXGpUVEVzIYk12UUi2JzjEzWL3IOAxcTubgz9Po0yXw==
    dependencies:
      accepts "^2.0.0"
      body-parser "^2.2.1"
      content-disposition "^1.0.0"
      content-type "^1.0.5"
      cookie "^0.7.1"
      cookie-signature "^1.2.1"
      debug "^4.4.0"
      depd "^2.0.0"
      encodeurl "^2.0.0"
      escape-html "^1.0.3"
      etag "^1.8.1"
      finalhandler "^2.1.0"
      fresh "^2.0.0"
      http-errors "^2.0.0"
      merge-descriptors "^2.0.0"
      mime-types "^3.0.0"
      on-finished "^2.4.1"
      once "^1.4.0"
      parseurl "^1.3.3"
      proxy-addr "^2.0.7"
      qs "^6.14.0"
      range-parser "^1.2.1"
      router "^2.2.0"
      send "^1.1.0"
      serve-static "^2.2.0"
      statuses "^2.0.1"
      type-is "^2.0.1"
      vary "^1.1.2"
  
  external-editor@^3.0.3:
    version "3.1.0"
    resolved "https://registry.yarnpkg.com/external-editor/-/external-editor-3.1.0.tgz#cb03f740befae03ea4d283caed2741a83f335495"
    integrity sha512-hMQ4CX1p1izmuLYyZqLMO/qGNw10wSv9QDCPfzXfyFrOaCSSoRfqE1Kf1s5an66J5JZC62NewG+mK49jOCtQew==
    dependencies:
      chardet "^0.7.0"
      iconv-lite "^0.4.24"
      tmp "^0.0.33"
  
  fast-deep-equal@^3.1.3:
    version "3.1.3"
    resolved "https://registry.yarnpkg.com/fast-deep-equal/-/fast-deep-equal-3.1.3.tgz#3a7d56b559d6cbc3eb512325244e619a65c6c525"
    integrity sha512-f3qQ9oQy9j2AhBe/H9VC91wLmKBCCU/gDOnKNAYG5hswO7BLKj09Hc5HYNz9cGI++xlpDCIgDaitVs03ATR84Q==
  
  fast-safe-stringify@2.1.1:
    version "2.1.1"
    resolved "https://registry.yarnpkg.com/fast-safe-stringify/-/fast-safe-stringify-2.1.1.tgz#c406a83b6e70d9e35ce3b30a81141df30aeba884"
    integrity sha512-W+KJc2dmILlPplD/H4K9l9LcAHAfPtP6BY84uVLXQ6Evcz9Lcg33Y2z1IVblT6xdY54PXYVHEv+0Wpq8Io6zkA==
  
  fast-string-truncated-width@^3.0.2:
    version "3.0.3"
    resolved "https://registry.yarnpkg.com/fast-string-truncated-width/-/fast-string-truncated-width-3.0.3.tgz#23afe0da67d752ca0727538f1e6967759728ce49"
    integrity sha512-0jjjIEL6+0jag3l2XWWizO64/aZVtpiGE3t0Zgqxv0DPuxiMjvB3M24fCyhZUO4KomJQPj3LTSUnDP3GpdwC0g==
  
  fast-string-width@^3.0.2:
    version "3.0.2"
    resolved "https://registry.yarnpkg.com/fast-string-width/-/fast-string-width-3.0.2.tgz#16dbabb491ce5585b5ecb675b65c165d71688eeb"
    integrity sha512-gX8LrtNEI5hq8DVUfRQMbr5lpaS4nMIWV+7XEbXk2b8kiQIizgnlr12B4dA3ZEx3308ze0O4Q1R+cHts8kyUJg==
    dependencies:
      fast-string-truncated-width "^3.0.2"
  
  fast-uri@^3.0.1:
    version "3.1.8"
    resolved "https://registry.yarnpkg.com/fast-uri/-/fast-uri-3.1.8.tgz#f7db8d942e20eead3cfe93b0beeb4eb0169e938b"
    integrity sha512-GZMtZUTNRpOVIECoXwLNZS5xUGE+mVNbTB8h/7Rwh2TFWcBQiPzTgyZi05BF9UMZKkLJv8XBRJTlU7zg8+ZfMg==
  
  fast-wrap-ansi@^0.2.0:
    version "0.2.2"
    resolved "https://registry.yarnpkg.com/fast-wrap-ansi/-/fast-wrap-ansi-0.2.2.tgz#95e952a0145bce3f59ad56e179f84c48d4072935"
    integrity sha512-7F2Fl+TjRSenLqlU3UjSH0iyqopqoZIu7eZVpEirP2g1GtWa2G/ecEmBdgz31+Mxr+ELclgg6sokpSFIQiZ02Q==
    dependencies:
      fast-string-width "^3.0.2"
  
  fdir@^6.5.0:
    version "6.5.0"
    resolved "https://registry.yarnpkg.com/fdir/-/fdir-6.5.0.tgz#ed2ab967a331ade62f18d077dae192684d50d350"
    integrity sha512-tIbYtZbucOs0BRGqPJkshJUYdL+SDH7dVM8gjy+ERp3WAUjLEFJE+02kanyHtwjWOnwrKYBiwAmM0p4kLJAnXg==
  
  figures@^3.0.0:
    version "3.2.0"
    resolved "https://registry.yarnpkg.com/figures/-/figures-3.2.0.tgz#625c18bd293c604dc4a8ddb2febf0c88341746af"
    integrity sha512-yaduQFRKLXYOGgEn6AZau90j3ggSOyiqXU0F9JZfeXYhNa+Jk4X+s45A2zg5jns87GAFa34BBm2kXw4XpNcbdg==
    dependencies:
      escape-string-regexp "^1.0.5"
  
  file-type@22.1.1:
    version "22.1.1"
    resolved "https://registry.yarnpkg.com/file-type/-/file-type-22.1.1.tgz#5d9b20bd514657440379e57ff64ba06d3822c2a3"
    integrity sha512-sEB0oStmeLGtpmSAD88RDNuLsvhv4iC3u0lE25CUvfCULvj49xoQ3l3K525Vn+ZzsZ6DOLajQCV6RmhwwhqiJg==
    dependencies:
      "@tokenizer/inflate" "^0.4.1"
      strtok3 "^10.3.5"
      token-types "^6.1.2"
      uint8array-extras "^1.5.0"
  
  finalhandler@^2.1.0:
    version "2.1.1"
    resolved "https://registry.yarnpkg.com/finalhandler/-/finalhandler-2.1.1.tgz#a2c517a6559852bcdb06d1f8bd7f51b68fad8099"
    integrity sha512-S8KoZgRZN+a5rNwqTxlZZePjT/4cnm0ROV70LedRHZ0p8u9fRID0hJUZQpkKLzro8LfmC8sx23bY6tVNxv8pQA==
    dependencies:
      debug "^4.4.0"
      encodeurl "^2.0.0"
      escape-html "^1.0.3"
      on-finished "^2.4.1"
      parseurl "^1.3.3"
      statuses "^2.0.1"
  
  for-each@^0.3.5:
    version "0.3.5"
    resolved "https://registry.yarnpkg.com/for-each/-/for-each-0.3.5.tgz#d650688027826920feeb0af747ee7b9421a41d47"
    integrity sha512-dKx12eRCVIzqCxFGplyFKJMPvLEWgmNtUrpTiJIR5u97zEhRG8ySrtboPHZXx7daLxQVrl643cTzbab2tkQjxg==
    dependencies:
      is-callable "^1.2.7"
  
  foreground-child@^3.1.0:
    version "3.3.1"
    resolved "https://registry.yarnpkg.com/foreground-child/-/foreground-child-3.3.1.tgz#32e8e9ed1b68a3497befb9ac2b6adf92a638576f"
    integrity sha512-gIXjKqtFuWEgzFRJA9WCQeSJLZDjgJUOMCMzxtvFq/37KojM1BFGufqsCy0r4qSQmYLsZYMeyRqzIWOMup03sw==
    dependencies:
      cross-spawn "^7.0.6"
      signal-exit "^4.0.1"
  
  forwarded@0.2.0:
    version "0.2.0"
    resolved "https://registry.yarnpkg.com/forwarded/-/forwarded-0.2.0.tgz#2269936428aad4c15c7ebe9779a84bf0b2a81811"
    integrity sha512-buRG0fpBtRHSTCOASe6hD258tEubFoRLb4ZNA6NxMVHNw2gOcwHo9wyablzMzOA5z9xA9L1KNjk/Nt6MT9aYow==
  
  fresh@^2.0.0:
    version "2.0.0"
    resolved "https://registry.yarnpkg.com/fresh/-/fresh-2.0.0.tgz#8dd7df6a1b3a1b3a5cf186c05a5dd267622635a4"
    integrity sha512-Rx/WycZ60HOaqLKAi6cHRKKI7zxWbJ31MhntmtwMoaTeF7XFH9hhBp8vITaMidfljRQ6eYWCKkaTK+ykVJHP2A==
  
  fsevents@~2.3.3:
    version "2.3.3"
    resolved "https://registry.yarnpkg.com/fsevents/-/fsevents-2.3.3.tgz#cac6407785d03675a2a5e1a5305c697b347d90d6"
    integrity sha512-5xoDfX+fL7faATnagmWPpbFtwh/R77WmMMqqHGS65C3vvB0YHrgF+B1YmZ3441tMj5n63k0212XNoJwzlhffQw==
  
  function-bind@^1.1.2:
    version "1.1.2"
    resolved "https://registry.yarnpkg.com/function-bind/-/function-bind-1.1.2.tgz#2c02d864d97f3ea6c8830c464cbd11ab6eab7a1c"
    integrity sha512-7XHNxH7qX9xG5mIwxkhumTox/MIRNcOgDrxWsMt2pAr23WHp6MrRlN7FBSFpCpr+oVO0F744iUgR82nJMfG2SA==
  
  get-caller-file@^2.0.5:
    version "2.0.5"
    resolved "https://registry.yarnpkg.com/get-caller-file/-/get-caller-file-2.0.5.tgz#4f94412a82db32f36e3b0b9741f8a97feb031f7e"
    integrity sha512-DyFP3BM/3YHTQOCUL/w0OZHR0lpKeGrxotcHWcqNEdnltqFwXVfhEBQ94eIo34AfQpo0rGki4cyIiftY06h2Fg==
  
  get-east-asian-width@^1.5.0:
    version "1.6.0"
    resolved "https://registry.yarnpkg.com/get-east-asian-width/-/get-east-asian-width-1.6.0.tgz#216900f91df11a8b2c198c3e1d93d6c035a776b9"
    integrity sha512-QRbvDIbx6YklUe6RxeTeleMR0yv3cYH6PsPZHcnVn7xv7zO1BHN8r0XETu8n6Ye3Q+ahtSarc3WgtNWmehIBfA==
  
  get-intrinsic@^1.2.4, get-intrinsic@^1.2.5, get-intrinsic@^1.3.0:
    version "1.3.0"
    resolved "https://registry.yarnpkg.com/get-intrinsic/-/get-intrinsic-1.3.0.tgz#743f0e3b6964a93a5491ed1bffaae054d7f98d01"
    integrity sha512-9fSjSaos/fRIVIp+xSJlE6lfwhES7LNtKaCBIamHsjr2na1BiABJPo0mOjjz8GJDURarmCPGqaiVg5mfjb98CQ==
    dependencies:
      call-bind-apply-helpers "^1.0.2"
      es-define-property "^1.0.1"
      es-errors "^1.3.0"
      es-object-atoms "^1.1.1"
      function-bind "^1.1.2"
      get-proto "^1.0.1"
      gopd "^1.2.0"
      has-symbols "^1.1.0"
      hasown "^2.0.2"
      math-intrinsics "^1.1.0"
  
  get-proto@^1.0.1:
    version "1.0.1"
    resolved "https://registry.yarnpkg.com/get-proto/-/get-proto-1.0.1.tgz#150b3f2743869ef3e851ec0c49d15b1d14d00ee1"
    integrity sha512-sTSfBjoXBp89JvIKIefqw7U2CCebsc74kiY6awiGogKtoSGbgjYE/G/+l9sF3MWFPNc9IcoOC4ODfKHfxFmp0g==
    dependencies:
      dunder-proto "^1.0.1"
      es-object-atoms "^1.0.0"
  
  glob@^10.5.0:
    version "10.5.0"
    resolved "https://registry.yarnpkg.com/glob/-/glob-10.5.0.tgz#8ec0355919cd3338c28428a23d4f24ecc5fe738c"
    integrity sha512-DfXN8DfhJ7NH3Oe7cFmu3NCu1wKbkReJ8TorzSAFbSKrlNaQSKfIzqYqVY8zlbs2NLBbWpRiU52GX2PbaBVNkg==
    dependencies:
      foreground-child "^3.1.0"
      jackspeak "^3.1.2"
      minimatch "^9.0.4"
      minipass "^7.1.2"
      package-json-from-dist "^1.0.0"
      path-scurry "^1.11.1"
  
  gopd@^1.0.1, gopd@^1.2.0:
    version "1.2.0"
    resolved "https://registry.yarnpkg.com/gopd/-/gopd-1.2.0.tgz#89f56b8217bdbc8802bd299df6d7f1081d7e51a1"
    integrity sha512-ZUKRh6/kUFoAiTAtTYPZJ3hw9wNxx+BIBOijnlG9PnrJsCcSjs1wyyD6vJpaYtgnzDrKYRSqf3OO6Rfa93xsRg==
  
  handlebars@^4.7.9:
    version "4.7.9"
    resolved "https://registry.yarnpkg.com/handlebars/-/handlebars-4.7.9.tgz#6f139082ab58dc4e5a0e51efe7db5ae890d56a0f"
    integrity sha512-4E71E0rpOaQuJR2A3xDZ+GM1HyWYv1clR58tC8emQNeQe3RH7MAzSbat+V0wG78LQBo6m6bzSG/L4pBuCsgnUQ==
    dependencies:
      minimist "^1.2.5"
      neo-async "^2.6.2"
      source-map "^0.6.1"
      wordwrap "^1.0.0"
    optionalDependencies:
      uglify-js "^3.1.4"
  
  has-flag@^4.0.0:
    version "4.0.0"
    resolved "https://registry.yarnpkg.com/has-flag/-/has-flag-4.0.0.tgz#944771fd9c81c81265c4d6941860da06bb59479b"
    integrity sha512-EykJT/Q1KjTWctppgIAgfSO0tKVuZUjhgMr17kqTumMl6Afv3EISleU7qZUzoXDFTAHTDC4NOoG/ZxU3EvlMPQ==
  
  has-property-descriptors@^1.0.2:
    version "1.0.2"
    resolved "https://registry.yarnpkg.com/has-property-descriptors/-/has-property-descriptors-1.0.2.tgz#963ed7d071dc7bf5f084c5bfbe0d1b6222586854"
    integrity sha512-55JNKuIW+vq4Ke1BjOTjM2YctQIvCT7GFzHwmfZPGo5wnrgkid0YQtnAleFSqumZm4az3n2BS+erby5ipJdgrg==
    dependencies:
      es-define-property "^1.0.0"
  
  has-symbols@^1.0.3, has-symbols@^1.1.0:
    version "1.1.0"
    resolved "https://registry.yarnpkg.com/has-symbols/-/has-symbols-1.1.0.tgz#fc9c6a783a084951d0b971fe1018de813707a338"
    integrity sha512-1cDNdwJ2Jaohmb3sg4OmKaMBwuC48sYni5HUw2DvsC8LjGTLK9h+eb1X6RyuOHe4hT0ULCW68iomhjUoKUqlPQ==
  
  has-tostringtag@^1.0.2:
    version "1.0.2"
    resolved "https://registry.yarnpkg.com/has-tostringtag/-/has-tostringtag-1.0.2.tgz#2cdc42d40bef2e5b4eeab7c01a73c54ce7ab5abc"
    integrity sha512-NqADB8VjPFLM2V0VvHUewwwsw0ZWBaIdgo+ieHtK3hasLz4qeCRjYcqfB6AQrBggRKppKF8L52/VqdVsO47Dlw==
    dependencies:
      has-symbols "^1.0.3"
  
  hasown@^2.0.2:
    version "2.0.3"
    resolved "https://registry.yarnpkg.com/hasown/-/hasown-2.0.3.tgz#5e5c2b15b60370a4c7930c383dfb76bf17bc403c"
    integrity sha512-ej4AhfhfL2Q2zpMmLo7U1Uv9+PyhIZpgQLGT1F9miIGmiCJIoCgSmczFdrc97mWT4kVY72KA+WnnhJ5pghSvSg==
    dependencies:
      function-bind "^1.1.2"
  
  http-errors@^2.0.0, http-errors@^2.0.1, http-errors@~2.0.1:
    version "2.0.1"
    resolved "https://registry.yarnpkg.com/http-errors/-/http-errors-2.0.1.tgz#36d2f65bc909c8790018dd36fb4d93da6caae06b"
    integrity sha512-4FbRdAX+bSdmo4AUFuS0WNiPz8NgFt+r8ThgNWmlrjQjt1Q7ZR9+zTlce2859x4KSXrwIsaeTqDoKQmtP8pLmQ==
    dependencies:
      depd "~2.0.0"
      inherits "~2.0.4"
      setprototypeof "~1.2.0"
      statuses "~2.0.2"
      toidentifier "~1.0.1"
  
  iconv-lite@^0.4.24:
    version "0.4.24"
    resolved "https://registry.yarnpkg.com/iconv-lite/-/iconv-lite-0.4.24.tgz#2022b4b25fbddc21d2f524974a474aafe733908b"
    integrity sha512-v3MXnZAcvnywkTUEZomIActle7RXXeedOR31wwl7VlyoXO4Qi9arvSenNQWne1TcRwhCL1HwLI21bEqdpj8/rA==
    dependencies:
      safer-buffer ">= 2.1.2 < 3"
  
  iconv-lite@^0.7.0, iconv-lite@~0.7.0:
    version "0.7.2"
    resolved "https://registry.yarnpkg.com/iconv-lite/-/iconv-lite-0.7.2.tgz#d0bdeac3f12b4835b7359c2ad89c422a4d1cc72e"
    integrity sha512-im9DjEDQ55s9fL4EYzOAv0yMqmMBSZp6G0VvFyTMPKWxiSBHUj9NW/qqLmXUwXrrM7AvqSlTCfvqRb0cM8yYqw==
    dependencies:
      safer-buffer ">= 2.1.2 < 3.0.0"
  
  iconv-lite@^0.7.2:
    version "0.7.3"
    resolved "https://registry.yarnpkg.com/iconv-lite/-/iconv-lite-0.7.3.tgz#84ee12f963e7de50bc01a13e160a078b3b0f415f"
    integrity sha512-IKXpvIzjnC9XTAUbVBcMfGS0EPaIXtW6v+zr+RRp+hqULEpo0owZax6wyRwPOJbWbzjYspQwusTsfVr0ifh4uQ==
    dependencies:
      safer-buffer ">= 2.1.2 < 3.0.0"
  
  ieee754@^1.1.13, ieee754@^1.2.1:
    version "1.2.1"
    resolved "https://registry.yarnpkg.com/ieee754/-/ieee754-1.2.1.tgz#8eb7a10a63fff25d15a57b001586d177d1b0d352"
    integrity sha512-dcyqhDvX1C46lXZcVqCpK+FtMRQVdIMN6/Df5js2zouUsqG7I6sFxitIC+7KYK29KdXOLHdu9zL4sFnoVQnqaA==
  
  inherits@^2.0.3, inherits@^2.0.4, inherits@~2.0.4:
    version "2.0.4"
    resolved "https://registry.yarnpkg.com/inherits/-/inherits-2.0.4.tgz#0fa2c64f932917c3433a0ded55363aae37416b7c"
    integrity sha512-k/vGaX4/Yla3WzyMCvTQOXYeIHvqOKtnqBduzTHpzpQZzAskKMhZ2K+EnBiSM9zGSoIFeMpXKxa4dYeZIQqewQ==
  
  inquirer@8.2.6:
    version "8.2.6"
    resolved "https://registry.yarnpkg.com/inquirer/-/inquirer-8.2.6.tgz#733b74888195d8d400a67ac332011b5fae5ea562"
    integrity sha512-M1WuAmb7pn9zdFRtQYk26ZBoY043Sse0wVDdk4Bppr+JOXyQYybdtvK+l9wUibhtjdjvtoiNy8tk+EgsYIUqKg==
    dependencies:
      ansi-escapes "^4.2.1"
      chalk "^4.1.1"
      cli-cursor "^3.1.0"
      cli-width "^3.0.0"
      external-editor "^3.0.3"
      figures "^3.0.0"
      lodash "^4.17.21"
      mute-stream "0.0.8"
      ora "^5.4.1"
      run-async "^2.4.0"
      rxjs "^7.5.5"
      string-width "^4.1.0"
      strip-ansi "^6.0.0"
      through "^2.3.6"
      wrap-ansi "^6.0.1"
  
  ipaddr.js@1.9.1:
    version "1.9.1"
    resolved "https://registry.yarnpkg.com/ipaddr.js/-/ipaddr.js-1.9.1.tgz#bff38543eeb8984825079ff3a2a8e6cbd46781b3"
    integrity sha512-0KI/607xoxSToH7GjN1FfSbLoU0+btTicjsQSWQlh/hZykN8KpmMf7uYwPW3R+akZ6R/w18ZlXSHBYXiYUPO3g==
  
  is-callable@^1.2.7:
    version "1.2.7"
    resolved "https://registry.yarnpkg.com/is-callable/-/is-callable-1.2.7.tgz#3bc2a85ea742d9e36205dcacdd72ca1fdc51b055"
    integrity sha512-1BC0BVFhS/p0qtw6enp8e+8OD0UrK0oFLztSjNzhcKA3WDuJxxAPXzPuPtKkjEY9UUoEWlX/8fgKeu2S8i9JTA==
  
  is-fullwidth-code-point@^3.0.0:
    version "3.0.0"
    resolved "https://registry.yarnpkg.com/is-fullwidth-code-point/-/is-fullwidth-code-point-3.0.0.tgz#f116f8064fe90b3f7844a38997c0b75051269f1d"
    integrity sha512-zymm5+u+sCsSWyD9qNaejV3DFvhCKclKdizYaJUuHA83RLjb7nSuGnddCHGv0hk+KY7BMAlsWeK4Ueg6EV6XQg==
  
  is-interactive@^1.0.0:
    version "1.0.0"
    resolved "https://registry.yarnpkg.com/is-interactive/-/is-interactive-1.0.0.tgz#cea6e6ae5c870a7b0a0004070b7b587e0252912e"
    integrity sha512-2HvIEKRoqS62guEC+qBjpvRubdX910WCMuJTZ+I9yvqKU2/12eSL549HMwtabb4oupdj2sMP50k+XJfB/8JE6w==
  
  is-interactive@^2.0.0:
    version "2.0.0"
    resolved "https://registry.yarnpkg.com/is-interactive/-/is-interactive-2.0.0.tgz#40c57614593826da1100ade6059778d597f16e90"
    integrity sha512-qP1vozQRI+BMOPcjFzrjXuQvdak2pHNUMZoeG2eRbiSqyvbEf/wQtEOTOX1guk6E3t36RkaqiSt8A/6YElNxLQ==
  
  is-promise@^4.0.0:
    version "4.0.0"
    resolved "https://registry.yarnpkg.com/is-promise/-/is-promise-4.0.0.tgz#42ff9f84206c1991d26debf520dd5c01042dd2f3"
    integrity sha512-hvpoI6korhJMnej285dSg6nu1+e6uxs7zG3BYAm5byqDsgJNWwxzM6z6iZiAgQR4TJ30JmBTOwqZUw3WlyH3AQ==
  
  is-typed-array@^1.1.14:
    version "1.1.15"
    resolved "https://registry.yarnpkg.com/is-typed-array/-/is-typed-array-1.1.15.tgz#4bfb4a45b61cee83a5a46fba778e4e8d59c0ce0b"
    integrity sha512-p3EcsicXjit7SaskXHs1hA91QxgTw46Fv6EFKKGS5DRFLD8yKnohjF3hxoju94b/OcMZoQukzpPpBE9uLVKzgQ==
    dependencies:
      which-typed-array "^1.1.16"
  
  is-unicode-supported@^0.1.0:
    version "0.1.0"
    resolved "https://registry.yarnpkg.com/is-unicode-supported/-/is-unicode-supported-0.1.0.tgz#3f26c76a809593b52bfa2ecb5710ed2779b522a7"
    integrity sha512-knxG2q4UC3u8stRGyAVJCOdxFmv5DZiRcdlIaAQXAbSfJya+OhopNotLQrstBhququ4ZpuKbDc/8S6mgXgPFPw==
  
  is-unicode-supported@^2.0.0, is-unicode-supported@^2.1.0:
    version "2.1.0"
    resolved "https://registry.yarnpkg.com/is-unicode-supported/-/is-unicode-supported-2.1.0.tgz#09f0ab0de6d3744d48d265ebb98f65d11f2a9b3a"
    integrity sha512-mE00Gnza5EEB3Ds0HfMyllZzbBrmLOX3vfWoj9A9PEnTfratQ/BcaJOuMhnkhjXvb2+FkY3VuHqtAGpTPmglFQ==
  
  isarray@^2.0.5:
    version "2.0.5"
    resolved "https://registry.yarnpkg.com/isarray/-/isarray-2.0.5.tgz#8af1e4c1221244cc62459faf38940d4e644a5723"
    integrity sha512-xHjhDr3cNBK0BzdUJSPXZntQUx/mwMS5Rw4A7lPJ90XGAO6ISP/ePDNuo0vhqOZU+UD5JoodwCAAoZQd3FeAKw==
  
  isexe@^2.0.0:
    version "2.0.0"
    resolved "https://registry.yarnpkg.com/isexe/-/isexe-2.0.0.tgz#e8fbf374dc556ff8947a10dcb0572d633f2cfa10"
    integrity sha512-RHxMLp9lnKHGHRng9QFhRCMbYAcVpn69smSGcq3f36xjgVVWThj4qqLbTLlq7Ssj8B+fIQ1EuCEGI2lKsyQeIw==
  
  iterare@1.2.1:
    version "1.2.1"
    resolved "https://registry.yarnpkg.com/iterare/-/iterare-1.2.1.tgz#139c400ff7363690e33abffa33cbba8920f00042"
    integrity sha512-RKYVTCjAnRthyJes037NX/IiqeidgN1xc3j1RjFfECFp28A1GVwK9nA+i0rJPaHqSZwygLzRnFlzUuHFoWWy+Q==
  
  jackspeak@^3.1.2:
    version "3.4.3"
    resolved "https://registry.yarnpkg.com/jackspeak/-/jackspeak-3.4.3.tgz#8833a9d89ab4acde6188942bd1c53b6390ed5a8a"
    integrity sha512-OGlZQpz2yfahA/Rd1Y8Cd9SIEsqvXkLVoSw/cgwhnhFMDbsQFeZYoJJ7bIZBS9BcamUW96asq/npPWugM+RQBw==
    dependencies:
      "@isaacs/cliui" "^8.0.2"
    optionalDependencies:
      "@pkgjs/parseargs" "^0.11.0"
  
  json-schema-traverse@^1.0.0:
    version "1.0.0"
    resolved "https://registry.yarnpkg.com/json-schema-traverse/-/json-schema-traverse-1.0.0.tgz#ae7bcb3656ab77a73ba5c49bf654f38e6b6860e2"
    integrity sha512-NM8/P9n3XjXhIZn1lLhkFaACTOURQXjWhV4BA/RnOv8xvgqtqpAX9IO4mRQxSx1Rlo4tqzeqb0sOlruaOy3dug==
  
  json5@^2.2.2:
    version "2.2.3"
    resolved "https://registry.yarnpkg.com/json5/-/json5-2.2.3.tgz#78cd6f1a19bdc12b73db5ad0c61efd66c1e29283"
    integrity sha512-XmOWe7eyHYH14cLdVPoyg+GOH3rYX++KpzrylJwSW98t3Nk+U8XOl8FWKOgwtzdb8lXGf6zYwDUzeHMWfxasyg==
  
  jsonc-parser@3.3.1:
    version "3.3.1"
    resolved "https://registry.yarnpkg.com/jsonc-parser/-/jsonc-parser-3.3.1.tgz#f2a524b4f7fd11e3d791e559977ad60b98b798b4"
    integrity sha512-HUgH65KyejrUFPvHFPbqOY0rsFip3Bo5wb4ngvdi1EpCYWUQDC5V+Y7mZws+DLkr4M//zQJoanu1SP+87Dv1oQ==
  
  jsonwebtoken@^9.0.3:
    version "9.0.3"
    resolved "https://registry.yarnpkg.com/jsonwebtoken/-/jsonwebtoken-9.0.3.tgz#6cd57ab01e9b0ac07cb847d53d3c9b6ee31f7ae2"
    integrity sha512-MT/xP0CrubFRNLNKvxJ2BYfy53Zkm++5bX9dtuPbqAeQpTVe0MQTFhao8+Cp//EmJp244xt6Drw/GVEGCUj40g==
    dependencies:
      jws "^4.0.1"
      lodash.includes "^4.3.0"
      lodash.isboolean "^3.0.3"
      lodash.isinteger "^4.0.4"
      lodash.isnumber "^3.0.3"
      lodash.isplainobject "^4.0.6"
      lodash.isstring "^4.0.1"
      lodash.once "^4.0.0"
      ms "^2.1.1"
      semver "^7.5.4"
  
  jwa@^2.0.1:
    version "2.0.1"
    resolved "https://registry.yarnpkg.com/jwa/-/jwa-2.0.1.tgz#bf8176d1ad0cd72e0f3f58338595a13e110bc804"
    integrity sha512-hRF04fqJIP8Abbkq5NKGN0Bbr3JxlQ+qhZufXVr0DvujKy93ZCbXZMHDL4EOtodSbCWxOqR8MS1tXA5hwqCXDg==
    dependencies:
      buffer-equal-constant-time "^1.0.1"
      ecdsa-sig-formatter "1.0.11"
      safe-buffer "^5.0.1"
  
  jws@^4.0.1:
    version "4.0.1"
    resolved "https://registry.yarnpkg.com/jws/-/jws-4.0.1.tgz#07edc1be8fac20e677b283ece261498bd38f0690"
    integrity sha512-EKI/M/yqPncGUUh44xz0PxSidXFr/+r0pA70+gIYhjv+et7yxM+s29Y+VGDkovRofQem0fs7Uvf4+YmAdyRduA==
    dependencies:
      jwa "^2.0.1"
      safe-buffer "^5.0.1"
  
  libphonenumber-js@^1.11.1:
    version "1.12.42"
    resolved "https://registry.yarnpkg.com/libphonenumber-js/-/libphonenumber-js-1.12.42.tgz#794db17340b0a04f8d193b65dc7998e3e6e1088c"
    integrity sha512-oKQFPTibqQwZZkChCDVMFVJXMZdyJNqDWZWYNn8BgyAaK/6yFJEowxCY0RVFirRyWP63hMRuKlkSEd9qlvbWXg==
  
  lightningcss-android-arm64@1.32.0:
    version "1.32.0"
    resolved "https://registry.yarnpkg.com/lightningcss-android-arm64/-/lightningcss-android-arm64-1.32.0.tgz#f033885116dfefd9c6f54787523e3514b61e1968"
    integrity sha512-YK7/ClTt4kAK0vo6w3X+Pnm0D2cf2vPHbhOXdoNti1Ga0al1P4TBZhwjATvjNwLEBCnKvjJc2jQgHXH0NEwlAg==
  
  lightningcss-darwin-arm64@1.32.0:
    version "1.32.0"
    resolved "https://registry.yarnpkg.com/lightningcss-darwin-arm64/-/lightningcss-darwin-arm64-1.32.0.tgz#50b71871b01c8199584b649e292547faea7af9b5"
    integrity sha512-RzeG9Ju5bag2Bv1/lwlVJvBE3q6TtXskdZLLCyfg5pt+HLz9BqlICO7LZM7VHNTTn/5PRhHFBSjk5lc4cmscPQ==
  
  lightningcss-darwin-x64@1.32.0:
    version "1.32.0"
    resolved "https://registry.yarnpkg.com/lightningcss-darwin-x64/-/lightningcss-darwin-x64-1.32.0.tgz#35f3e97332d130b9ca181e11b568ded6aebc6d5e"
    integrity sha512-U+QsBp2m/s2wqpUYT/6wnlagdZbtZdndSmut/NJqlCcMLTWp5muCrID+K5UJ6jqD2BFshejCYXniPDbNh73V8w==
  
  lightningcss-freebsd-x64@1.32.0:
    version "1.32.0"
    resolved "https://registry.yarnpkg.com/lightningcss-freebsd-x64/-/lightningcss-freebsd-x64-1.32.0.tgz#9777a76472b64ed6ff94342ad64c7bafd794a575"
    integrity sha512-JCTigedEksZk3tHTTthnMdVfGf61Fky8Ji2E4YjUTEQX14xiy/lTzXnu1vwiZe3bYe0q+SpsSH/CTeDXK6WHig==
  
  lightningcss-linux-arm-gnueabihf@1.32.0:
    version "1.32.0"
    resolved "https://registry.yarnpkg.com/lightningcss-linux-arm-gnueabihf/-/lightningcss-linux-arm-gnueabihf-1.32.0.tgz#13ae652e1ab73b9135d7b7da172f666c410ad53d"
    integrity sha512-x6rnnpRa2GL0zQOkt6rts3YDPzduLpWvwAF6EMhXFVZXD4tPrBkEFqzGowzCsIWsPjqSK+tyNEODUBXeeVHSkw==
  
  lightningcss-linux-arm64-gnu@1.32.0:
    version "1.32.0"
    resolved "https://registry.yarnpkg.com/lightningcss-linux-arm64-gnu/-/lightningcss-linux-arm64-gnu-1.32.0.tgz#417858795a94592f680123a1b1f9da8a0e1ef335"
    integrity sha512-0nnMyoyOLRJXfbMOilaSRcLH3Jw5z9HDNGfT/gwCPgaDjnx0i8w7vBzFLFR1f6CMLKF8gVbebmkUN3fa/kQJpQ==
  
  lightningcss-linux-arm64-musl@1.32.0:
    version "1.32.0"
    resolved "https://registry.yarnpkg.com/lightningcss-linux-arm64-musl/-/lightningcss-linux-arm64-musl-1.32.0.tgz#6be36692e810b718040802fd809623cffe732133"
    integrity sha512-UpQkoenr4UJEzgVIYpI80lDFvRmPVg6oqboNHfoH4CQIfNA+HOrZ7Mo7KZP02dC6LjghPQJeBsvXhJod/wnIBg==
  
  lightningcss-linux-x64-gnu@1.32.0:
    version "1.32.0"
    resolved "https://registry.yarnpkg.com/lightningcss-linux-x64-gnu/-/lightningcss-linux-x64-gnu-1.32.0.tgz#0b7803af4eb21cfd38dd39fe2abbb53c7dd091f6"
    integrity sha512-V7Qr52IhZmdKPVr+Vtw8o+WLsQJYCTd8loIfpDaMRWGUZfBOYEJeyJIkqGIDMZPwPx24pUMfwSxxI8phr/MbOA==
  
  lightningcss-linux-x64-musl@1.32.0:
    version "1.32.0"
    resolved "https://registry.yarnpkg.com/lightningcss-linux-x64-musl/-/lightningcss-linux-x64-musl-1.32.0.tgz#88dc8ba865ddddb1ac5ef04b0f161804418c163b"
    integrity sha512-bYcLp+Vb0awsiXg/80uCRezCYHNg1/l3mt0gzHnWV9XP1W5sKa5/TCdGWaR/zBM2PeF/HbsQv/j2URNOiVuxWg==
  
  lightningcss-win32-arm64-msvc@1.32.0:
    version "1.32.0"
    resolved "https://registry.yarnpkg.com/lightningcss-win32-arm64-msvc/-/lightningcss-win32-arm64-msvc-1.32.0.tgz#4f30ba3fa5e925f5b79f945e8cc0d176c3b1ab38"
    integrity sha512-8SbC8BR40pS6baCM8sbtYDSwEVQd4JlFTOlaD3gWGHfThTcABnNDBda6eTZeqbofalIJhFx0qKzgHJmcPTnGdw==
  
  lightningcss-win32-x64-msvc@1.32.0:
    version "1.32.0"
    resolved "https://registry.yarnpkg.com/lightningcss-win32-x64-msvc/-/lightningcss-win32-x64-msvc-1.32.0.tgz#141aa5605645064928902bb4af045fa7d9f4220a"
    integrity sha512-Amq9B/SoZYdDi1kFrojnoqPLxYhQ4Wo5XiL8EVJrVsB8ARoC1PWW6VGtT0WKCemjy8aC+louJnjS7U18x3b06Q==
  
  lightningcss@^1.32.0:
    version "1.32.0"
    resolved "https://registry.yarnpkg.com/lightningcss/-/lightningcss-1.32.0.tgz#b85aae96486dcb1bf49a7c8571221273f4f1e4a9"
    integrity sha512-NXYBzinNrblfraPGyrbPoD19C1h9lfI/1mzgWYvXUTe414Gz/X1FD2XBZSZM7rRTrMA8JL3OtAaGifrIKhQ5yQ==
    dependencies:
      detect-libc "^2.0.3"
    optionalDependencies:
      lightningcss-android-arm64 "1.32.0"
      lightningcss-darwin-arm64 "1.32.0"
      lightningcss-darwin-x64 "1.32.0"
      lightningcss-freebsd-x64 "1.32.0"
      lightningcss-linux-arm-gnueabihf "1.32.0"
      lightningcss-linux-arm64-gnu "1.32.0"
      lightningcss-linux-arm64-musl "1.32.0"
      lightningcss-linux-x64-gnu "1.32.0"
      lightningcss-linux-x64-musl "1.32.0"
      lightningcss-win32-arm64-msvc "1.32.0"
      lightningcss-win32-x64-msvc "1.32.0"
  
  load-esm@1.0.3:
    version "1.0.3"
    resolved "https://registry.yarnpkg.com/load-esm/-/load-esm-1.0.3.tgz#2073afe3da63902c323e80d9f135c301173ac92c"
    integrity sha512-v5xlu8eHD1+6r8EHTg6hfmO97LN8ugKtiXcy5e6oN72iD2r6u0RPfLl6fxM+7Wnh2ZRq15o0russMst44WauPA==
  
  lodash.includes@^4.3.0:
    version "4.3.0"
    resolved "https://registry.yarnpkg.com/lodash.includes/-/lodash.includes-4.3.0.tgz#60bb98a87cb923c68ca1e51325483314849f553f"
    integrity sha512-W3Bx6mdkRTGtlJISOvVD/lbqjTlPPUDTMnlXZFnVwi9NKJ6tiAk6LVdlhZMm17VZisqhKcgzpO5Wz91PCt5b0w==
  
  lodash.isboolean@^3.0.3:
    version "3.0.3"
    resolved "https://registry.yarnpkg.com/lodash.isboolean/-/lodash.isboolean-3.0.3.tgz#6c2e171db2a257cd96802fd43b01b20d5f5870f6"
    integrity sha512-Bz5mupy2SVbPHURB98VAcw+aHh4vRV5IPNhILUCsOzRmsTmSQ17jIuqopAentWoehktxGd9e/hbIXq980/1QJg==
  
  lodash.isinteger@^4.0.4:
    version "4.0.4"
    resolved "https://registry.yarnpkg.com/lodash.isinteger/-/lodash.isinteger-4.0.4.tgz#619c0af3d03f8b04c31f5882840b77b11cd68343"
    integrity sha512-DBwtEWN2caHQ9/imiNeEA5ys1JoRtRfY3d7V9wkqtbycnAmTvRRmbHKDV4a0EYc678/dia0jrte4tjYwVBaZUA==
  
  lodash.isnumber@^3.0.3:
    version "3.0.3"
    resolved "https://registry.yarnpkg.com/lodash.isnumber/-/lodash.isnumber-3.0.3.tgz#3ce76810c5928d03352301ac287317f11c0b1ffc"
    integrity sha512-QYqzpfwO3/CWf3XP+Z+tkQsfaLL/EnUlXWVkIk5FUPc4sBdTehEqZONuyRt2P67PXAk+NXmTBcc97zw9t1FQrw==
  
  lodash.isplainobject@^4.0.6:
    version "4.0.6"
    resolved "https://registry.yarnpkg.com/lodash.isplainobject/-/lodash.isplainobject-4.0.6.tgz#7c526a52d89b45c45cc690b88163be0497f550cb"
    integrity sha512-oSXzaWypCMHkPC3NvBEaPHf0KsA5mvPrOPgQWDsbg8n7orZ290M0BmC/jgRZ4vcJ6DTAhjrsSYgdsW/F+MFOBA==
  
  lodash.isstring@^4.0.1:
    version "4.0.1"
    resolved "https://registry.yarnpkg.com/lodash.isstring/-/lodash.isstring-4.0.1.tgz#d527dfb5456eca7cc9bb95d5daeaf88ba54a5451"
    integrity sha512-0wJxfxH1wgO3GrbuP+dTTk7op+6L41QCXbGINEmD+ny/G/eCqGzxyCsh7159S+mgDDcoarnBw6PC1PS5+wUGgw==
  
  lodash.once@^4.0.0:
    version "4.1.1"
    resolved "https://registry.yarnpkg.com/lodash.once/-/lodash.once-4.1.1.tgz#0dd3971213c7c56df880977d504c88fb471a97ac"
    integrity sha512-Sb487aTOCr9drQVL8pIxOzVhafOjZN9UU54hiN8PU3uAiSV7lx1yYNpbNmex2PK6dSJoNTSJUUswT651yww3Mg==
  
  lodash@^4.17.21:
    version "4.18.1"
    resolved "https://registry.yarnpkg.com/lodash/-/lodash-4.18.1.tgz#ff2b66c1f6326d59513de2407bf881439812771c"
    integrity sha512-dMInicTPVE8d1e5otfwmmjlxkZoUpiVLwyeTdUsi/Caj/gfzzblBcCE5sRHV/AsjuCmxWrte2TNGSYuCeCq+0Q==
  
  log-symbols@^4.1.0:
    version "4.1.0"
    resolved "https://registry.yarnpkg.com/log-symbols/-/log-symbols-4.1.0.tgz#3fbdbb95b4683ac9fc785111e792e558d4abd503"
    integrity sha512-8XPvpAA8uyhfteu8pIvQxpJZ7SYYdpUivZpGy6sFsBuKRY/7rQGavedeB8aK+Zkyq6upMFVL/9AW6vOYzfRyLg==
    dependencies:
      chalk "^4.1.0"
      is-unicode-supported "^0.1.0"
  
  log-symbols@^7.0.1:
    version "7.0.1"
    resolved "https://registry.yarnpkg.com/log-symbols/-/log-symbols-7.0.1.tgz#f52e68037d96f589fc572ff2193dc424d48c195b"
    integrity sha512-ja1E3yCr9i/0hmBVaM0bfwDjnGy8I/s6PP4DFp+yP+a+mrHO4Rm7DtmnqROTUkHIkqffC84YY7AeqX6oFk0WFg==
    dependencies:
      is-unicode-supported "^2.0.0"
      yoctocolors "^2.1.1"
  
  lru-cache@^10.2.0:
    version "10.4.3"
    resolved "https://registry.yarnpkg.com/lru-cache/-/lru-cache-10.4.3.tgz#410fc8a17b70e598013df257c2446b7f3383f119"
    integrity sha512-JNAzZcXrCt42VGLuYz0zfAzDfAvJWW6AfYlDBQyDV5DClI2m5sAmK+OIO7s59XfsRsWHp02jAJrRadPRGTt6SQ==
  
  magic-string@1.0.0:
    version "1.0.0"
    resolved "https://registry.yarnpkg.com/magic-string/-/magic-string-1.0.0.tgz#e0f1c16d20b1a993d6481007f49fe1f5ca9b38ff"
    integrity sha512-CGvjzMN08iv6w1mm4/x3Gh1hLb4VnyRUA15FFpl6CsCIGGoe36k7kY5KNz9QDbSBN5I/fWHM6ZlIkUTa5xdUEA==
    dependencies:
      "@jridgewell/sourcemap-codec" "^1.5.5"
  
  magic-string@^1.2.3:
    version "1.4.2"
    resolved "https://registry.yarnpkg.com/magic-string/-/magic-string-1.4.2.tgz#508aef4aac7319496dc074ec60ea511c49daf138"
    integrity sha512-vG+rjFRj1PqdIBozIxAGMjPlOhaVe+GXpbttY/iSK7rGcJRMlwNJO7dcUwmUqkymsFLJiNGI06t4D7Fr7yRC9g==
    dependencies:
      "@jridgewell/sourcemap-codec" "^1.6.0"
  
  math-intrinsics@^1.1.0:
    version "1.1.0"
    resolved "https://registry.yarnpkg.com/math-intrinsics/-/math-intrinsics-1.1.0.tgz#a0dd74be81e2aa5c2f27e65ce283605ee4e2b7f9"
    integrity sha512-/IXtbwEk5HTPyEwyKX6hGkYXxM9nbj64B+ilVJnC/R6B0pH5G4V3b0pVbL7DBj4tkhBAppbQUlf6F6Xl9LHu1g==
  
  media-typer@0.3.0:
    version "0.3.0"
    resolved "https://registry.yarnpkg.com/media-typer/-/media-typer-0.3.0.tgz#8710d7af0aa626f8fffa1ce00168545263255748"
    integrity sha512-dq+qelQ9akHpcOl/gUVRTxVIOkAJ1wR3QAvb4RsVjS8oVoFjDGTc679wJYmUmknUF5HwMLOgb5O+a3KxfWapPQ==
  
  media-typer@^1.1.0:
    version "1.1.0"
    resolved "https://registry.yarnpkg.com/media-typer/-/media-typer-1.1.0.tgz#6ab74b8f2d3320f2064b2a87a38e7931ff3a5561"
    integrity sha512-aisnrDP4GNe06UcKFnV5bfMNPBUw4jsLGaWwWfnH3v02GnBuXX2MCVn5RbrWo0j3pczUilYblq7fQ7Nw2t5XKw==
  
  merge-descriptors@^2.0.0:
    version "2.0.0"
    resolved "https://registry.yarnpkg.com/merge-descriptors/-/merge-descriptors-2.0.0.tgz#ea922f660635a2249ee565e0449f951e6b603808"
    integrity sha512-Snk314V5ayFLhp3fkUREub6WtjBfPdCPY1Ln8/8munuLuiYhsABgBVWsozAG+MWMbVEvcdcpbi9R7ww22l9Q3g==
  
  mime-db@1.52.0:
    version "1.52.0"
    resolved "https://registry.yarnpkg.com/mime-db/-/mime-db-1.52.0.tgz#bbabcdc02859f4987301c856e3387ce5ec43bf70"
    integrity sha512-sPU4uV7dYlvtWJxwwxHD0PuihVNiE7TyAbQ5SWxDCB9mUYvOgroQOwYQQOKPJ8CIbE+1ETVlOoK1UC2nU3gYvg==
  
  mime-db@^1.54.0:
    version "1.54.0"
    resolved "https://registry.yarnpkg.com/mime-db/-/mime-db-1.54.0.tgz#cddb3ee4f9c64530dff640236661d42cb6a314f5"
    integrity sha512-aU5EJuIN2WDemCcAp2vFBfp/m4EAhWJnUNSSw0ixs7/kXbd6Pg64EmwJkNdFhB8aWt1sH2CTXrLxo/iAGV3oPQ==
  
  mime-types@^3.0.0, mime-types@^3.0.2:
    version "3.0.2"
    resolved "https://registry.yarnpkg.com/mime-types/-/mime-types-3.0.2.tgz#39002d4182575d5af036ffa118100f2524b2e2ab"
    integrity sha512-Lbgzdk0h4juoQ9fCKXW4by0UJqj+nOOrI9MJ1sSj4nI8aI2eo1qmvQEie4VD1glsS250n15LsWsYtCugiStS5A==
    dependencies:
      mime-db "^1.54.0"
  
  mime-types@~2.1.24:
    version "2.1.35"
    resolved "https://registry.yarnpkg.com/mime-types/-/mime-types-2.1.35.tgz#381a871b62a734450660ae3deee44813f70d959a"
    integrity sha512-ZDY+bPm5zTTF+YpCrAU9nK0UgICYPT0QtT1NZWFv4s++TNkcgVaT0g6+4R2uI4MjQjzysHB1zxuWL50hzaeXiw==
    dependencies:
      mime-db "1.52.0"
  
  mimic-fn@^2.1.0:
    version "2.1.0"
    resolved "https://registry.yarnpkg.com/mimic-fn/-/mimic-fn-2.1.0.tgz#7ed2c2ccccaf84d3ffcb7a69b57711fc2083401b"
    integrity sha512-OqbOk5oEQeAZ8WXWydlu9HJjz9WVdEIvamMCcXmuqUYjTknH/sqsWvhQ3vgwKFRR1HpjvNBKQ37nbJgYzGqGcg==
  
  mimic-function@^5.0.0:
    version "5.0.1"
    resolved "https://registry.yarnpkg.com/mimic-function/-/mimic-function-5.0.1.tgz#acbe2b3349f99b9deaca7fb70e48b83e94e67076"
    integrity sha512-VP79XUPxV2CigYP3jWwAUFSku2aKqBH7uTAapFWCBqutsbmDo96KY5o8uh6U+/YSIn5OxJnXp73beVkpqMIGhA==
  
  minimatch@10.2.6:
    version "10.2.6"
    resolved "https://registry.yarnpkg.com/minimatch/-/minimatch-10.2.6.tgz#fd956bbe0b77241e9f15ac5dccb1c638060968ef"
    integrity sha512-vpLQEs+VLCr1nU0BXS07maYoFwlDAH0gngQuuttxIwutDFEMHq2blX+8vpgxDdK3J1PwjCJiep77OitTZ4Ll1A==
    dependencies:
      brace-expansion "^5.0.8"
  
  minimatch@^9.0.4:
    version "9.0.9"
    resolved "https://registry.yarnpkg.com/minimatch/-/minimatch-9.0.9.tgz#9b0cb9fcb78087f6fd7eababe2511c4d3d60574e"
    integrity sha512-OBwBN9AL4dqmETlpS2zasx+vTeWclWzkblfZk7KTA5j3jeOONz/tRCnZomUyvNg83wL5Zv9Ss6HMJXAgL8R2Yg==
    dependencies:
      brace-expansion "^2.0.2"
  
  minimist@^1.2.5, minimist@^1.2.6:
    version "1.2.8"
    resolved "https://registry.yarnpkg.com/minimist/-/minimist-1.2.8.tgz#c1a464e7693302e082a075cee0c057741ac4772c"
    integrity sha512-2yyAR8qBkN3YuheJanUpWC5U3bb5osDywNB8RzDVlDwDHbocAJveqqj1u8+SVD7jkWT4yvsHCpWqqWqAxb0zCA==
  
  "minipass@^5.0.0 || ^6.0.2 || ^7.0.0", minipass@^7.1.2:
    version "7.1.3"
    resolved "https://registry.yarnpkg.com/minipass/-/minipass-7.1.3.tgz#79389b4eb1bb2d003a9bba87d492f2bd37bdc65b"
    integrity sha512-tEBHqDnIoM/1rXME1zgka9g6Q2lcoCkxHLuc7ODJ5BxbP5d4c2Z5cGgtXAku59200Cx7diuHTOYfSBD8n6mm8A==
  
  ms@^2.1.1, ms@^2.1.3:
    version "2.1.3"
    resolved "https://registry.yarnpkg.com/ms/-/ms-2.1.3.tgz#574c8138ce1d2b5861f0b44579dbadd60c6615b2"
    integrity sha512-6FlzubTLZG3J2a/NVCAleEhjzq5oxgHyaCU9yYXvcLsvoVaHJq/s5xXI6/XXP6tz7R9xAOtHnSO/tXtF3WRTlA==
  
  multer@2.4.0:
    version "2.4.0"
    resolved "https://registry.yarnpkg.com/multer/-/multer-2.4.0.tgz#969ab025c207829967c923172c51a75cbf171be1"
    integrity sha512-7dqa0ZcFfzbefdTuIkzOSMvZWC0J7FLqBOjJUZvDCXShIURWKxAyTT1wHhnE5q19c7jOJf43IYYKjBmZVZmvhg==
    dependencies:
      append-field "^1.0.0"
      busboy "^1.6.0"
      type-is "^1.6.18"
  
  mute-stream@0.0.8:
    version "0.0.8"
    resolved "https://registry.yarnpkg.com/mute-stream/-/mute-stream-0.0.8.tgz#1630c42b2251ff81e2a283de96a5497ea92e5e0d"
    integrity sha512-nnbWWOkoWyUsTjKrhgD0dcz22mdkSnpYqbEjIm2nhwhuxlSkpywJmBo8h0ZqJdkp73mb90SssHkN4rsRaBAfAA==
  
  mute-stream@^3.0.0:
    version "3.0.0"
    resolved "https://registry.yarnpkg.com/mute-stream/-/mute-stream-3.0.0.tgz#cd8014dd2acb72e1e91bb67c74f0019e620ba2d1"
    integrity sha512-dkEJPVvun4FryqBmZ5KhDo0K9iDXAwn08tMLDinNdRBNPcYEDiWYysLcc6k3mjTMlbP9KyylvRpd4wFtwrT9rw==
  
  nanoid@^3.3.11:
    version "3.3.12"
    resolved "https://registry.yarnpkg.com/nanoid/-/nanoid-3.3.12.tgz#ab3d912e217a6d0a514f00a72a16543a28982c05"
    integrity sha512-ZB9RH/39qpq5Vu6Y+NmUaFhQR6pp+M2Xt76XBnEwDaGcVAqhlvxrl3B2bKS5D3NH3QR76v3aSrKaF/Kiy7lEtQ==
  
  nanoid@^3.3.6:
    version "3.3.19"
    resolved "https://registry.yarnpkg.com/nanoid/-/nanoid-3.3.19.tgz#336d4aa4bcd4fb24d2cddede7ffeae40bec03f0a"
    integrity sha512-Y2tUNy4ouw6tq5oDSKeQYGOyhkUBhNOcGV/02KC+6kd9eDGqdZd++mjMiIDilrBYvjEnCYvVtsuHCuP+okSfug==
  
  negotiator@^1.0.0:
    version "1.0.0"
    resolved "https://registry.yarnpkg.com/negotiator/-/negotiator-1.0.0.tgz#b6c91bb47172d69f93cfd7c357bbb529019b5f6a"
    integrity sha512-8Ofs/AUQh8MaEcrlq5xOX0CQ9ypTF5dl78mjlMNfOK08fzpgTHQRQPBxcPlEtIw0yRpws+Zo/3r+5WRby7u3Gg==
  
  neo-async@^2.6.2:
    version "2.6.2"
    resolved "https://registry.yarnpkg.com/neo-async/-/neo-async-2.6.2.tgz#b4aafb93e3aeb2d8174ca53cf163ab7d7308305f"
    integrity sha512-Yd3UES5mWCSqR+qNT93S3UoYUkqAZ9lLg8a7g9rimsWmYGK8cVToA4/sF3RrshdyV3sAGMXVUmpMYOw+dLpOuw==
  
  node-emoji@2.1.3:
    version "2.1.3"
    resolved "https://registry.yarnpkg.com/node-emoji/-/node-emoji-2.1.3.tgz#93cfabb5cc7c3653aa52f29d6ffb7927d8047c06"
    integrity sha512-E2WEOVsgs7O16zsURJ/eH8BqhF029wGpEOnv7Urwdo2wmQanOACwJQh0devF9D9RhoZru0+9JXIS0dBXIAz+lA==
    dependencies:
      "@sindresorhus/is" "^4.6.0"
      char-regex "^1.0.2"
      emojilib "^2.4.0"
      skin-tone "^2.0.0"
  
  node-emoji@2.2.0:
    version "2.2.0"
    resolved "https://registry.yarnpkg.com/node-emoji/-/node-emoji-2.2.0.tgz#1d000e3c76e462577895be1b436f4aa2d6760eb0"
    integrity sha512-Z3lTE9pLaJF47NyMhd4ww1yFTAP8YhYI8SleJiHzM46Fgpm5cnNzSl9XfzFNqbaz+VlJrIj3fXQ4DeN1Rjm6cw==
    dependencies:
      "@sindresorhus/is" "^4.6.0"
      char-regex "^1.0.2"
      emojilib "^2.4.0"
      skin-tone "^2.0.0"
  
  nodemailer@^8.0.6:
    version "8.0.7"
    resolved "https://registry.yarnpkg.com/nodemailer/-/nodemailer-8.0.7.tgz#538729a79444e538331bca8a6fc3e5c034eaebc6"
    integrity sha512-pkjE4mkBzQjdJT4/UmlKl3pX0rC9fZmjh7c6C9o7lv66Ac6w9WCnzPzhbPNxwZAzlF4mdq4CSWB5+FbK6FWCow==
  
  object-assign@^4:
    version "4.1.1"
    resolved "https://registry.yarnpkg.com/object-assign/-/object-assign-4.1.1.tgz#2109adc7965887cfc05cbbd442cac8bfbb360863"
    integrity sha512-rJgTQnkUnH1sFw8yT6VSU3zD3sWmu6sZhIseY8VX+GRu3P6F7Fu+JNDoXfklElbLJSnc3FUQHVe4cU5hj+BcUg==
  
  object-inspect@^1.13.3, object-inspect@^1.13.4:
    version "1.13.4"
    resolved "https://registry.yarnpkg.com/object-inspect/-/object-inspect-1.13.4.tgz#8375265e21bc20d0fa582c22e1b13485d6e00213"
    integrity sha512-W67iLl4J2EXEGTbfeHCffrjDfitvLANg0UlX3wFUUSTx92KXRFegMHUVgSqE+wvhAbi4WqjGg9czysTV2Epbew==
  
  obug@^2.1.1:
    version "2.1.1"
    resolved "https://registry.yarnpkg.com/obug/-/obug-2.1.1.tgz#2cba74ff241beb77d63055ddf4cd1e9f90b538be"
    integrity sha512-uTqF9MuPraAQ+IsnPf366RG4cP9RtUi7MLO1N3KEc+wb0a6yKpeL0lmk2IB1jY5KHPAlTc6T/JRdC/YqxHNwkQ==
  
  obug@^2.1.4:
    version "2.2.1"
    resolved "https://registry.yarnpkg.com/obug/-/obug-2.2.1.tgz#9c453efeeda822050eb9774242e969c784d64d78"
    integrity sha512-XrsrhT5sybtKI6wakr2SPOlGZWWYbUXZ7a0jT8/QOeAPau+1X/bSegNe5YR75oJmEZQbKningirmGOEJCIk61Q==
  
  on-finished@^2.4.1:
    version "2.4.1"
    resolved "https://registry.yarnpkg.com/on-finished/-/on-finished-2.4.1.tgz#58c8c44116e54845ad57f14ab10b03533184ac3f"
    integrity sha512-oVlzkg3ENAhCk2zdv7IJwd/QUD4z2RxRwpkcGY8psCVcCYZNq4wYnVWALHM+brtuJjePWiYF/ClmuDr8Ch5+kg==
    dependencies:
      ee-first "1.1.1"
  
  once@^1.4.0:
    version "1.4.0"
    resolved "https://registry.yarnpkg.com/once/-/once-1.4.0.tgz#583b1aa775961d4b113ac17d9c50baef9dd76bd1"
    integrity sha512-lNaJgI+2Q5URQBkccEKHTQOPaXdUxnZZElQTZY0MFUAuaEqe1E+Nyvgdz/aIyNi6Z9MzO5dv1H8n58/GELp3+w==
    dependencies:
      wrappy "1"
  
  onetime@^5.1.0:
    version "5.1.2"
    resolved "https://registry.yarnpkg.com/onetime/-/onetime-5.1.2.tgz#d0e96ebb56b07476df1dd9c4806e5237985ca45e"
    integrity sha512-kbpaSSGJTWdAY5KPVeMOKXSrPtr8C8C7wodJbcsd51jRnmD+GZu8Y0VoU6Dm5Z4vWr0Ig/1NKuWRKf7j5aaYSg==
    dependencies:
      mimic-fn "^2.1.0"
  
  onetime@^7.0.0:
    version "7.0.0"
    resolved "https://registry.yarnpkg.com/onetime/-/onetime-7.0.0.tgz#9f16c92d8c9ef5120e3acd9dd9957cceecc1ab60"
    integrity sha512-VXJjc87FScF88uafS3JllDgvAm+c/Slfz06lorj2uAY34rlUu0Nt+v8wreiImcrgAjjIHp1rXpTDlLOGw29WwQ==
    dependencies:
      mimic-function "^5.0.0"
  
  ora@5.4.1, ora@^5.4.1:
    version "5.4.1"
    resolved "https://registry.yarnpkg.com/ora/-/ora-5.4.1.tgz#1b2678426af4ac4a509008e5e4ac9e9959db9e18"
    integrity sha512-5b6Y85tPxZZ7QytO+BQzysW31HJku27cRIlkbAXaNx+BdcVi+LlRFmVXzeF6a7JCwJpyw5c4b+YSVImQIrBpuQ==
    dependencies:
      bl "^4.1.0"
      chalk "^4.1.0"
      cli-cursor "^3.1.0"
      cli-spinners "^2.5.0"
      is-interactive "^1.0.0"
      is-unicode-supported "^0.1.0"
      log-symbols "^4.1.0"
      strip-ansi "^6.0.0"
      wcwidth "^1.0.1"
  
  ora@9.4.1:
    version "9.4.1"
    resolved "https://registry.yarnpkg.com/ora/-/ora-9.4.1.tgz#ba7644f3c7c92a8f830fbc48ca770b9eaf4bc55c"
    integrity sha512-6VlU9MLXbjVQD04AZCMX28hVtA5bUoadvUqO76MUCVA0ilwJbMiHsITRPfyVm6p/BC0Av/BXMujx39WCe1LEqw==
    dependencies:
      chalk "^5.6.2"
      cli-cursor "^5.0.0"
      cli-spinners "^3.2.0"
      is-interactive "^2.0.0"
      is-unicode-supported "^2.1.0"
      log-symbols "^7.0.1"
      stdin-discarder "^0.3.2"
      string-width "^8.1.0"
  
  os-tmpdir@~1.0.2:
    version "1.0.2"
    resolved "https://registry.yarnpkg.com/os-tmpdir/-/os-tmpdir-1.0.2.tgz#bbe67406c79aa85c5cfec766fe5734555dfa1274"
    integrity sha512-D2FR03Vir7FIu45XBY20mTb+/ZSWB00sjU9jdQXt83gDrI4Ztz5Fs7/yy74g2N5SVQY4xY1qDr4rNddwYRVX0g==
  
  package-json-from-dist@^1.0.0:
    version "1.0.1"
    resolved "https://registry.yarnpkg.com/package-json-from-dist/-/package-json-from-dist-1.0.1.tgz#4f1471a010827a86f94cfd9b0727e36d267de505"
    integrity sha512-UEZIS3/by4OC8vL3P2dTXRETpebLI2NiI5vIrjaD/5UtrkFX/tNbwjTSRAGC/+7CAo2pIcBaRgWmcBBHcsaCIw==
  
  parseurl@^1.3.3:
    version "1.3.3"
    resolved "https://registry.yarnpkg.com/parseurl/-/parseurl-1.3.3.tgz#9da19e7bee8d12dff0513ed5b76957793bc2e8d4"
    integrity sha512-CiyeOxFT/JZyN5m0z9PfXw4SCBJ6Sygz1Dpl0wqjlhDEGGBP1GnsUVEL0p63hoG1fcj3fHynXi9NYO4nWOL+qQ==
  
  path-key@^3.1.0:
    version "3.1.1"
    resolved "https://registry.yarnpkg.com/path-key/-/path-key-3.1.1.tgz#581f6ade658cbba65a0d3380de7753295054f375"
    integrity sha512-ojmeN0qd+y0jszEtoY48r0Peq5dwMEkIlCOu6Q5f41lfkswXuKtYrhgoTpLnyIcHm24Uhqx+5Tqm2InSwLhE6Q==
  
  path-scurry@^1.11.1:
    version "1.11.1"
    resolved "https://registry.yarnpkg.com/path-scurry/-/path-scurry-1.11.1.tgz#7960a668888594a0720b12a911d1a742ab9f11d2"
    integrity sha512-Xa4Nw17FS9ApQFJ9umLiJS4orGjm7ZzwUrwamcGQuHSzDyth9boKDaycYdDcZDuqYATXw4HFXgaqWTctW/v1HA==
    dependencies:
      lru-cache "^10.2.0"
      minipass "^5.0.0 || ^6.0.2 || ^7.0.0"
  
  path-to-regexp@8.4.2, path-to-regexp@^8.0.0:
    version "8.4.2"
    resolved "https://registry.yarnpkg.com/path-to-regexp/-/path-to-regexp-8.4.2.tgz#795c420c4f7ca45c5b887366f622ee0c9852cccd"
    integrity sha512-qRcuIdP69NPm4qbACK+aDogI5CBDMi1jKe0ry5rSQJz8JVLsC7jV8XpiJjGRLLol3N+R5ihGYcrPLTno6pAdBA==
  
  pathe@^2.0.3:
    version "2.0.3"
    resolved "https://registry.yarnpkg.com/pathe/-/pathe-2.0.3.tgz#3ecbec55421685b70a9da872b2cff3e1cbed1716"
    integrity sha512-WUjGcAqP1gQacoQe+OBJsFA7Ld4DyXuUIjZ5cc75cLHvJ7dtNsTugphxIADwspS+AraAUePCKrSVtPLFj/F88w==
  
  pg-cloudflare@^1.3.0:
    version "1.3.0"
    resolved "https://registry.yarnpkg.com/pg-cloudflare/-/pg-cloudflare-1.3.0.tgz#386035d4bfcf1a7045b026f8b21acf5353f14d65"
    integrity sha512-6lswVVSztmHiRtD6I8hw4qP/nDm1EJbKMRhf3HCYaqud7frGysPv7FYJ5noZQdhQtN2xJnimfMtvQq21pdbzyQ==
  
  pg-connection-string@^2.12.0:
    version "2.12.0"
    resolved "https://registry.yarnpkg.com/pg-connection-string/-/pg-connection-string-2.12.0.tgz#4084f917902bb2daae3dc1376fe24ac7b4eaccf2"
    integrity sha512-U7qg+bpswf3Cs5xLzRqbXbQl85ng0mfSV/J0nnA31MCLgvEaAo7CIhmeyrmJpOr7o+zm0rXK+hNnT5l9RHkCkQ==
  
  pg-int8@1.0.1:
    version "1.0.1"
    resolved "https://registry.yarnpkg.com/pg-int8/-/pg-int8-1.0.1.tgz#943bd463bf5b71b4170115f80f8efc9a0c0eb78c"
    integrity sha512-WCtabS6t3c8SkpDBUlb1kjOs7l66xsGdKpIPZsg4wR+B3+u9UAum2odSsF9tnvxg80h4ZxLWMy4pRjOsFIqQpw==
  
  pg-pool@^3.13.0:
    version "3.13.0"
    resolved "https://registry.yarnpkg.com/pg-pool/-/pg-pool-3.13.0.tgz#416482e9700e8f80c685a6ae5681697a413c13a3"
    integrity sha512-gB+R+Xud1gLFuRD/QgOIgGOBE2KCQPaPwkzBBGC9oG69pHTkhQeIuejVIk3/cnDyX39av2AxomQiyPT13WKHQA==
  
  pg-protocol@^1.13.0:
    version "1.13.0"
    resolved "https://registry.yarnpkg.com/pg-protocol/-/pg-protocol-1.13.0.tgz#fdaf6d020bca590d58bb991b4b16fc448efe0511"
    integrity sha512-zzdvXfS6v89r6v7OcFCHfHlyG/wvry1ALxZo4LqgUoy7W9xhBDMaqOuMiF3qEV45VqsN6rdlcehHrfDtlCPc8w==
  
  pg-types@2.2.0:
    version "2.2.0"
    resolved "https://registry.yarnpkg.com/pg-types/-/pg-types-2.2.0.tgz#2d0250d636454f7cfa3b6ae0382fdfa8063254a3"
    integrity sha512-qTAAlrEsl8s4OiEQY69wDvcMIdQN6wdz5ojQiOy6YRMuynxenON0O5oCpJI6lshc6scgAY8qvJ2On/p+CXY0GA==
    dependencies:
      pg-int8 "1.0.1"
      postgres-array "~2.0.0"
      postgres-bytea "~1.0.0"
      postgres-date "~1.0.4"
      postgres-interval "^1.1.0"
  
  pg@^8.20.0:
    version "8.20.0"
    resolved "https://registry.yarnpkg.com/pg/-/pg-8.20.0.tgz#1a274de944cb329fd6dd77a6d371a005ba6b136d"
    integrity sha512-ldhMxz2r8fl/6QkXnBD3CR9/xg694oT6DZQ2s6c/RI28OjtSOpxnPrUCGOBJ46RCUxcWdx3p6kw/xnDHjKvaRA==
    dependencies:
      pg-connection-string "^2.12.0"
      pg-pool "^3.13.0"
      pg-protocol "^1.13.0"
      pg-types "2.2.0"
      pgpass "1.0.5"
    optionalDependencies:
      pg-cloudflare "^1.3.0"
  
  pgpass@1.0.5:
    version "1.0.5"
    resolved "https://registry.yarnpkg.com/pgpass/-/pgpass-1.0.5.tgz#9b873e4a564bb10fa7a7dbd55312728d422a223d"
    integrity sha512-FdW9r/jQZhSeohs1Z3sI1yxFQNFvMcnmfuj4WBMUTxOrAyLMaTcE1aAMBiTlbMNaXvBCQuVi0R7hd8udDSP7ug==
    dependencies:
      split2 "^4.1.0"
  
  picocolors@^1.1.1:
    version "1.1.1"
    resolved "https://registry.yarnpkg.com/picocolors/-/picocolors-1.1.1.tgz#3d321af3eab939b083c8f929a1d12cda81c26b6b"
    integrity sha512-xceH2snhtb5M9liqDsmEw56le376mTZkEX/jEb/RxNFyegNul7eNslCXP9FDj/Lcu0X8KEyMceP2ntpaHrDEVA==
  
  picomatch@4.0.5:
    version "4.0.5"
    resolved "https://registry.yarnpkg.com/picomatch/-/picomatch-4.0.5.tgz#51ea57a17d86f605f81039595fbc40ed06a55fab"
    integrity sha512-RvwwcruNjI1ncT5xRakeyS9Lf8lcItv34KD+aif+VH9kduAyfYBipGh12274xtenIPZ119/R9BdTBa8gAwSh0A==
  
  picomatch@^4.0.4:
    version "4.0.4"
    resolved "https://registry.yarnpkg.com/picomatch/-/picomatch-4.0.4.tgz#fd6f5e00a143086e074dffe4c924b8fb293b0589"
    integrity sha512-QP88BAKvMam/3NxH6vj2o21R6MjxZUAd6nlwAS/pnGvN9IVLocLHxGYIzFhg6fUQ+5th6P4dv4eW9jX3DSIj7A==
  
  picomatch@^4.0.7:
    version "4.0.7"
    resolved "https://registry.yarnpkg.com/picomatch/-/picomatch-4.0.7.tgz#6313360034ccb36b3dc61ecbdff78121f90fe21f"
    integrity sha512-qcJu88Q2IWqJsDD529JKMdwGm/dvInW4HvQnRwiH9JtihJvzGOscDtHE3x1pBKeUOTysQ8kVmLnJ2kJu7yhcGA==
  
  pluralize@8.0.0:
    version "8.0.0"
    resolved "https://registry.yarnpkg.com/pluralize/-/pluralize-8.0.0.tgz#1a6fa16a38d12a1901e0320fa017051c539ce3b1"
    integrity sha512-Nc3IT5yHzflTfbjgqWcCPpo7DaKy4FnpB0l/zCAW0Tc7jxAiuqSxHasntB3D7887LSrA93kDJ9IXovxJYxyLCA==
  
  possible-typed-array-names@^1.0.0:
    version "1.1.0"
    resolved "https://registry.yarnpkg.com/possible-typed-array-names/-/possible-typed-array-names-1.1.0.tgz#93e3582bc0e5426586d9d07b79ee40fc841de4ae"
    integrity sha512-/+5VFTchJDoVj3bhoqi6UeymcD00DAwb1nJwamzPvHEszJ4FpF6SNNbUbOS8yI56qHzdV8eK0qEfOSiodkTdxg==
  
  postcss@^8.5.10:
    version "8.5.14"
    resolved "https://registry.yarnpkg.com/postcss/-/postcss-8.5.14.tgz#a66c2d7808fadf69ebb5b84a03f8bafd76c4919c"
    integrity sha512-SoSL4+OSEtR99LHFZQiJLkT59C5B1amGO1NzTwj7TT1qCUgUO6hxOvzkOYxD+vMrXBM3XJIKzokoERdqQq/Zmg==
    dependencies:
      nanoid "^3.3.11"
      picocolors "^1.1.1"
      source-map-js "^1.2.1"
  
  postgres-array@~2.0.0:
    version "2.0.0"
    resolved "https://registry.yarnpkg.com/postgres-array/-/postgres-array-2.0.0.tgz#48f8fce054fbc69671999329b8834b772652d82e"
    integrity sha512-VpZrUqU5A69eQyW2c5CA1jtLecCsN2U/bD6VilrFDWq5+5UIEVO7nazS3TEcHf1zuPYO/sqGvUvW62g86RXZuA==
  
  postgres-bytea@~1.0.0:
    version "1.0.1"
    resolved "https://registry.yarnpkg.com/postgres-bytea/-/postgres-bytea-1.0.1.tgz#c40b3da0222c500ff1e51c5d7014b60b79697c7a"
    integrity sha512-5+5HqXnsZPE65IJZSMkZtURARZelel2oXUEO8rH83VS/hxH5vv1uHquPg5wZs8yMAfdv971IU+kcPUczi7NVBQ==
  
  postgres-date@~1.0.4:
    version "1.0.7"
    resolved "https://registry.yarnpkg.com/postgres-date/-/postgres-date-1.0.7.tgz#51bc086006005e5061c591cee727f2531bf641a8"
    integrity sha512-suDmjLVQg78nMK2UZ454hAG+OAW+HQPZ6n++TNDUX+L0+uUlLywnoxJKDou51Zm+zTCjrCl0Nq6J9C5hP9vK/Q==
  
  postgres-interval@^1.1.0:
    version "1.2.0"
    resolved "https://registry.yarnpkg.com/postgres-interval/-/postgres-interval-1.2.0.tgz#b460c82cb1587507788819a06aa0fffdb3544695"
    integrity sha512-9ZhXKM/rw350N1ovuWHbGxnGh/SNJ4cnxHiM0rxE4VN41wsg8P8zWn9hv/buK00RP4WvlOyr/RBDiptyxVbkZQ==
    dependencies:
      xtend "^4.0.0"
  
  proxy-addr@^2.0.7:
    version "2.0.7"
    resolved "https://registry.yarnpkg.com/proxy-addr/-/proxy-addr-2.0.7.tgz#f19fe69ceab311eeb94b42e70e8c2070f9ba1025"
    integrity sha512-llQsMLSUDUPT44jdrU/O37qlnifitDP+ZwrmmZcoSKyLKvtZxpyV0n2/bD/N4tBAAZ/gJEdZU7KMraoK1+XYAg==
    dependencies:
      forwarded "0.2.0"
      ipaddr.js "1.9.1"
  
  qs@^6.14.0, qs@^6.14.1:
    version "6.15.1"
    resolved "https://registry.yarnpkg.com/qs/-/qs-6.15.1.tgz#bdb55aed06bfac257a90c44a446a73fba5575c8f"
    integrity sha512-6YHEFRL9mfgcAvql/XhwTvf5jKcOiiupt2FiJxHkiX1z4j7WL8J/jRHYLluORvc1XxB5rV20KoeK00gVJamspg==
    dependencies:
      side-channel "^1.1.0"
  
  range-parser@^1.2.1:
    version "1.2.1"
    resolved "https://registry.yarnpkg.com/range-parser/-/range-parser-1.2.1.tgz#3cf37023d199e1c24d1a55b84800c2f3e6468031"
    integrity sha512-Hrgsx+orqoygnmhFbKaHE6c296J+HTAQXoxEF6gNupROmmGJRoyzfG3ccAveqCBrwr/2yxQ5BVd/GTl5agOwSg==
  
  raw-body@^3.0.1:
    version "3.0.2"
    resolved "https://registry.yarnpkg.com/raw-body/-/raw-body-3.0.2.tgz#3e3ada5ae5568f9095d84376fd3a49b8fb000a51"
    integrity sha512-K5zQjDllxWkf7Z5xJdV0/B0WTNqx6vxG70zJE4N0kBs4LovmEYWJzQGxC9bS9RAKu3bgM40lrd5zoLJ12MQ5BA==
    dependencies:
      bytes "~3.1.2"
      http-errors "~2.0.1"
      iconv-lite "~0.7.0"
      unpipe "~1.0.0"
  
  readable-stream@^3.4.0:
    version "3.6.2"
    resolved "https://registry.yarnpkg.com/readable-stream/-/readable-stream-3.6.2.tgz#56a9b36ea965c00c5a93ef31eb111a0f11056967"
    integrity sha512-9u/sniCrY3D5WdsERHzHE4G2YCXqoG5FTHUiCC4SIbr6XcLZBY05ya9EKjYek9O5xOAwjGq+1JdGBAS7Q9ScoA==
    dependencies:
      inherits "^2.0.3"
      string_decoder "^1.1.1"
      util-deprecate "^1.0.1"
  
  readdirp@^5.0.0:
    version "5.1.1"
    resolved "https://registry.yarnpkg.com/readdirp/-/readdirp-5.1.1.tgz#520bca06f9d1ae1b96cc0800dbe84b983d19422c"
    integrity sha512-Kko+Y5XQ6fM+Ce3dq3m9YGxnacYZYl9cA1wZjaF3Vbry2L3i1qVg8+CAgNPsXRArPMUMCaOR7oa9Nqntc43JKA==
  
  reflect-metadata@^0.2.2:
    version "0.2.2"
    resolved "https://registry.yarnpkg.com/reflect-metadata/-/reflect-metadata-0.2.2.tgz#400c845b6cba87a21f2c65c4aeb158f4fa4d9c5b"
    integrity sha512-urBwgfrvVP/eAyXx4hluJivBKzuEbSQs9rKWCrCkbSxNv8mxPcUZKeuoF3Uy4mJl3Lwprp6yy5/39VWigZ4K6Q==
  
  require-directory@^2.1.1:
    version "2.1.1"
    resolved "https://registry.yarnpkg.com/require-directory/-/require-directory-2.1.1.tgz#8c64ad5fd30dab1c976e2344ffe7f792a6a6df42"
    integrity sha512-fGxEI7+wsG9xrvdjsrlmL22OMTTiHRwAMroiEeMgq8gzoLC/PQr7RsRDSTLUg/bZAZtF+TVIkHc6/4RIKrui+Q==
  
  require-from-string@^2.0.2:
    version "2.0.2"
    resolved "https://registry.yarnpkg.com/require-from-string/-/require-from-string-2.0.2.tgz#89a7fdd938261267318eafe14f9c32e598c36909"
    integrity sha512-Xf0nWe6RseziFMu+Ap9biiUbmplq6S9/p+7w7YXP/JBHhrUDDUhwa+vANyubuqfZWTveU//DYVGsDG7RKL/vEw==
  
  restore-cursor@^3.1.0:
    version "3.1.0"
    resolved "https://registry.yarnpkg.com/restore-cursor/-/restore-cursor-3.1.0.tgz#39f67c54b3a7a58cea5236d95cf0034239631f7e"
    integrity sha512-l+sSefzHpj5qimhFSE5a8nufZYAM3sBSVMAPtYkmC+4EH2anSGaEMXSD0izRQbu9nfyQ9y5JrVmp7E8oZrUjvA==
    dependencies:
      onetime "^5.1.0"
      signal-exit "^3.0.2"
  
  restore-cursor@^5.0.0:
    version "5.1.0"
    resolved "https://registry.yarnpkg.com/restore-cursor/-/restore-cursor-5.1.0.tgz#0766d95699efacb14150993f55baf0953ea1ebe7"
    integrity sha512-oMA2dcrw6u0YfxJQXm342bFKX/E4sG9rbTzO9ptUcR/e8A33cHuvStiYOwH7fszkZlZ1z/ta9AAoPk2F4qIOHA==
    dependencies:
      onetime "^7.0.0"
      signal-exit "^4.1.0"
  
  rolldown@1.0.0-rc.17:
    version "1.0.0-rc.17"
    resolved "https://registry.yarnpkg.com/rolldown/-/rolldown-1.0.0-rc.17.tgz#c524fc22f6bb37b5588aec862ab1ee11382610f3"
    integrity sha512-ZrT53oAKrtA4+YtBWPQbtPOxIbVDbxT0orcYERKd63VJTF13zPcgXTvD4843L8pcsI7M6MErt8QtON6lrB9tyA==
    dependencies:
      "@oxc-project/types" "=0.127.0"
      "@rolldown/pluginutils" "1.0.0-rc.17"
    optionalDependencies:
      "@rolldown/binding-android-arm64" "1.0.0-rc.17"
      "@rolldown/binding-darwin-arm64" "1.0.0-rc.17"
      "@rolldown/binding-darwin-x64" "1.0.0-rc.17"
      "@rolldown/binding-freebsd-x64" "1.0.0-rc.17"
      "@rolldown/binding-linux-arm-gnueabihf" "1.0.0-rc.17"
      "@rolldown/binding-linux-arm64-gnu" "1.0.0-rc.17"
      "@rolldown/binding-linux-arm64-musl" "1.0.0-rc.17"
      "@rolldown/binding-linux-ppc64-gnu" "1.0.0-rc.17"
      "@rolldown/binding-linux-s390x-gnu" "1.0.0-rc.17"
      "@rolldown/binding-linux-x64-gnu" "1.0.0-rc.17"
      "@rolldown/binding-linux-x64-musl" "1.0.0-rc.17"
      "@rolldown/binding-openharmony-arm64" "1.0.0-rc.17"
      "@rolldown/binding-wasm32-wasi" "1.0.0-rc.17"
      "@rolldown/binding-win32-arm64-msvc" "1.0.0-rc.17"
      "@rolldown/binding-win32-x64-msvc" "1.0.0-rc.17"
  
  router@^2.2.0:
    version "2.2.0"
    resolved "https://registry.yarnpkg.com/router/-/router-2.2.0.tgz#019be620b711c87641167cc79b99090f00b146ef"
    integrity sha512-nLTrUKm2UyiL7rlhapu/Zl45FwNgkZGaCpZbIHajDYgwlJCOzLSk+cIPAnsEqV955GjILJnKbdQC1nVPz+gAYQ==
    dependencies:
      debug "^4.4.0"
      depd "^2.0.0"
      is-promise "^4.0.0"
      parseurl "^1.3.3"
      path-to-regexp "^8.0.0"
  
  run-async@^2.4.0:
    version "2.4.1"
    resolved "https://registry.yarnpkg.com/run-async/-/run-async-2.4.1.tgz#8440eccf99ea3e70bd409d49aab88e10c189a455"
    integrity sha512-tvVnVv01b8c1RrA6Ep7JkStj85Guv/YrMcwqYQnwjsAS2cTmmPGBBjAjpCW7RrSodNSoE2/qg9O4bceNvUuDgQ==
  
  rxjs@7.8.2, rxjs@^7.5.5, rxjs@^7.8.2:
    version "7.8.2"
    resolved "https://registry.yarnpkg.com/rxjs/-/rxjs-7.8.2.tgz#955bc473ed8af11a002a2be52071bf475638607b"
    integrity sha512-dhKf903U/PQZY6boNNtAGdWbG85WAbjT/1xYoZIC7FAY0yWapOBQVsVrDl58W86//e1VpMNBtRV4MaXfdMySFA==
    dependencies:
      tslib "^2.1.0"
  
  safe-buffer@^5.0.1, safe-buffer@^5.2.1, safe-buffer@~5.2.0:
    version "5.2.1"
    resolved "https://registry.yarnpkg.com/safe-buffer/-/safe-buffer-5.2.1.tgz#1eaf9fa9bdb1fdd4ec75f58f9cdb4e6b7827eec6"
    integrity sha512-rp3So07KcdmmKbGvgaNxQSJr7bGVSVk5S9Eq1F+ppbRo70+YeaDxkw5Dd8NPN+GD6bjnYm2VuPuCXmpuYvmCXQ==
  
  "safer-buffer@>= 2.1.2 < 3", "safer-buffer@>= 2.1.2 < 3.0.0":
    version "2.1.2"
    resolved "https://registry.yarnpkg.com/safer-buffer/-/safer-buffer-2.1.2.tgz#44fa161b0187b9549dd84bb91802f9bd8385cd6a"
    integrity sha512-YZo3K82SD7Riyi0E1EQPojLz7kpepnSQI9IyPbHHg1XXXevb5dJI7tpyN2ADxGcQbHG7vcyRHk0cbwqcQriUtg==
  
  semver@^7.5.4:
    version "7.7.4"
    resolved "https://registry.yarnpkg.com/semver/-/semver-7.7.4.tgz#28464e36060e991fa7a11d0279d2d3f3b57a7e8a"
    integrity sha512-vFKC2IEtQnVhpT78h1Yp8wzwrf8CM+MzKMHGJZfBtzhZNycRFnXsHk6E5TxIkkMsgNS7mdX3AGB7x2QM2di4lA==
  
  send@^1.1.0, send@^1.2.0:
    version "1.2.1"
    resolved "https://registry.yarnpkg.com/send/-/send-1.2.1.tgz#9eab743b874f3550f40a26867bf286ad60d3f3ed"
    integrity sha512-1gnZf7DFcoIcajTjTwjwuDjzuz4PPcY2StKPlsGAQ1+YH20IRVrBaXSWmdjowTJ6u8Rc01PoYOGHXfP1mYcZNQ==
    dependencies:
      debug "^4.4.3"
      encodeurl "^2.0.0"
      escape-html "^1.0.3"
      etag "^1.8.1"
      fresh "^2.0.0"
      http-errors "^2.0.1"
      mime-types "^3.0.2"
      ms "^2.1.3"
      on-finished "^2.4.1"
      range-parser "^1.2.1"
      statuses "^2.0.2"
  
  serve-static@^2.2.0:
    version "2.2.1"
    resolved "https://registry.yarnpkg.com/serve-static/-/serve-static-2.2.1.tgz#7f186a4a4e5f5b663ad7a4294ff1bf37cf0e98a9"
    integrity sha512-xRXBn0pPqQTVQiC8wyQrKs2MOlX24zQ0POGaj0kultvoOCstBQM5yvOhAVSUwOMjQtTvsPWoNCHfPGwaaQJhTw==
    dependencies:
      encodeurl "^2.0.0"
      escape-html "^1.0.3"
      parseurl "^1.3.3"
      send "^1.2.0"
  
  set-function-length@^1.2.2:
    version "1.2.2"
    resolved "https://registry.yarnpkg.com/set-function-length/-/set-function-length-1.2.2.tgz#aac72314198eaed975cf77b2c3b6b880695e5449"
    integrity sha512-pgRc4hJ4/sNjWCSS9AmnS40x3bNMDTknHgL5UaMBTMyJnU90EgWh1Rz+MC9eFu4BuN/UwZjKQuY/1v3rM7HMfg==
    dependencies:
      define-data-property "^1.1.4"
      es-errors "^1.3.0"
      function-bind "^1.1.2"
      get-intrinsic "^1.2.4"
      gopd "^1.0.1"
      has-property-descriptors "^1.0.2"
  
  setprototypeof@~1.2.0:
    version "1.2.0"
    resolved "https://registry.yarnpkg.com/setprototypeof/-/setprototypeof-1.2.0.tgz#66c9a24a73f9fc28cbe66b09fed3d33dcaf1b424"
    integrity sha512-E5LDX7Wrp85Kil5bhZv46j8jOeboKq5JMmYM3gVGdGH8xFpPWXUMsNrlODCrkoxMEeNi/XZIwuRvY4XNwYMJpw==
  
  sha.js@^2.4.12:
    version "2.4.12"
    resolved "https://registry.yarnpkg.com/sha.js/-/sha.js-2.4.12.tgz#eb8b568bf383dfd1867a32c3f2b74eb52bdbf23f"
    integrity sha512-8LzC5+bvI45BjpfXU8V5fdU2mfeKiQe1D1gIMn7XUlF3OTUrpdJpPPH4EMAnF0DsHHdSZqCdSss5qCmJKuiO3w==
    dependencies:
      inherits "^2.0.4"
      safe-buffer "^5.2.1"
      to-buffer "^1.2.0"
  
  shebang-command@^2.0.0:
    version "2.0.0"
    resolved "https://registry.yarnpkg.com/shebang-command/-/shebang-command-2.0.0.tgz#ccd0af4f8835fbdc265b82461aaf0c36663f34ea"
    integrity sha512-kHxr2zZpYtdmrN1qDjrrX/Z1rR1kG8Dx+gkpK1G4eXmvXswmcE1hTWBWYUzlraYw1/yZp6YuDY77YtvbN0dmDA==
    dependencies:
      shebang-regex "^3.0.0"
  
  shebang-regex@^3.0.0:
    version "3.0.0"
    resolved "https://registry.yarnpkg.com/shebang-regex/-/shebang-regex-3.0.0.tgz#ae16f1644d873ecad843b0307b143362d4c42172"
    integrity sha512-7++dFhtcx3353uBaq8DDR4NuxBetBzC7ZQOhmTQInHEd6bSrXdiEyzCvG07Z44UYdLShWUyXt5M/yhz8ekcb1A==
  
  side-channel-list@^1.0.0:
    version "1.0.1"
    resolved "https://registry.yarnpkg.com/side-channel-list/-/side-channel-list-1.0.1.tgz#c2e0b5a14a540aebee3bbc6c3f8666cc9b509127"
    integrity sha512-mjn/0bi/oUURjc5Xl7IaWi/OJJJumuoJFQJfDDyO46+hBWsfaVM65TBHq2eoZBhzl9EchxOijpkbRC8SVBQU0w==
    dependencies:
      es-errors "^1.3.0"
      object-inspect "^1.13.4"
  
  side-channel-map@^1.0.1:
    version "1.0.1"
    resolved "https://registry.yarnpkg.com/side-channel-map/-/side-channel-map-1.0.1.tgz#d6bb6b37902c6fef5174e5f533fab4c732a26f42"
    integrity sha512-VCjCNfgMsby3tTdo02nbjtM/ewra6jPHmpThenkTYh8pG9ucZ/1P8So4u4FGBek/BjpOVsDCMoLA/iuBKIFXRA==
    dependencies:
      call-bound "^1.0.2"
      es-errors "^1.3.0"
      get-intrinsic "^1.2.5"
      object-inspect "^1.13.3"
  
  side-channel-weakmap@^1.0.2:
    version "1.0.2"
    resolved "https://registry.yarnpkg.com/side-channel-weakmap/-/side-channel-weakmap-1.0.2.tgz#11dda19d5368e40ce9ec2bdc1fb0ecbc0790ecea"
    integrity sha512-WPS/HvHQTYnHisLo9McqBHOJk2FkHO/tlpvldyrnem4aeQp4hai3gythswg6p01oSoTl58rcpiFAjF2br2Ak2A==
    dependencies:
      call-bound "^1.0.2"
      es-errors "^1.3.0"
      get-intrinsic "^1.2.5"
      object-inspect "^1.13.3"
      side-channel-map "^1.0.1"
  
  side-channel@^1.1.0:
    version "1.1.0"
    resolved "https://registry.yarnpkg.com/side-channel/-/side-channel-1.1.0.tgz#c3fcff9c4da932784873335ec9765fa94ff66bc9"
    integrity sha512-ZX99e6tRweoUXqR+VBrslhda51Nh5MTQwou5tnUDgbtyM0dBgmhEDtWGP/xbKn6hqfPRHujUNwz5fy/wbbhnpw==
    dependencies:
      es-errors "^1.3.0"
      object-inspect "^1.13.3"
      side-channel-list "^1.0.0"
      side-channel-map "^1.0.1"
      side-channel-weakmap "^1.0.2"
  
  siginfo@^2.0.0:
    version "2.0.0"
    resolved "https://registry.yarnpkg.com/siginfo/-/siginfo-2.0.0.tgz#32e76c70b79724e3bb567cb9d543eb858ccfaf30"
    integrity sha512-ybx0WO1/8bSBLEWXZvEd7gMW3Sn3JFlW3TvX1nREbDLRNQNaeNN8WK0meBwPdAaOI7TtRRRJn/Es1zhrrCHu7g==
  
  signal-exit@^3.0.2:
    version "3.0.7"
    resolved "https://registry.yarnpkg.com/signal-exit/-/signal-exit-3.0.7.tgz#a9a1767f8af84155114eaabd73f99273c8f59ad9"
    integrity sha512-wnD2ZE+l+SPC/uoS0vXeE9L1+0wuaMqKlfz9AMUo38JsyLSBWSFcHR1Rri62LZc12vLr1gb3jl7iwQhgwpAbGQ==
  
  signal-exit@^4.0.1, signal-exit@^4.1.0:
    version "4.1.0"
    resolved "https://registry.yarnpkg.com/signal-exit/-/signal-exit-4.1.0.tgz#952188c1cbd546070e2dd20d0f41c0ae0530cb04"
    integrity sha512-bzyZ1e88w9O1iNJbKnOlvYTrWPDl46O1bG0D3XInv+9tkPrxrN8jUUTiFlDkkmKWgn1M6CfIA13SuGqOa9Korw==
  
  skin-tone@^2.0.0:
    version "2.0.0"
    resolved "https://registry.yarnpkg.com/skin-tone/-/skin-tone-2.0.0.tgz#4e3933ab45c0d4f4f781745d64b9f4c208e41237"
    integrity sha512-kUMbT1oBJCpgrnKoSr0o6wPtvRWT9W9UKvGLwfJYO2WuahZRHOpEyL1ckyMGgMWh0UdpmaoFqKKD29WTomNEGA==
    dependencies:
      unicode-emoji-modifier-base "^1.0.0"
  
  source-map-js@^1.2.1:
    version "1.2.1"
    resolved "https://registry.yarnpkg.com/source-map-js/-/source-map-js-1.2.1.tgz#1ce5650fddd87abc099eda37dcff024c2667ae46"
    integrity sha512-UXWMKhLOwVKb728IUtQPXxfYU+usdybtUrK/8uGE8CQMvrhOpwvzDBwj0QhSL7MQc7vIsISBG8VQ8+IDQxpfQA==
  
  source-map@0.7.6:
    version "0.7.6"
    resolved "https://registry.yarnpkg.com/source-map/-/source-map-0.7.6.tgz#a3658ab87e5b6429c8a1f3ba0083d4c61ca3ef02"
    integrity sha512-i5uvt8C3ikiWeNZSVZNWcfZPItFQOsYTUAOkcUPGd8DqDy1uOUikjt5dG+uRlwyvR108Fb9DOd4GvXfT0N2/uQ==
  
  source-map@^0.6.1:
    version "0.6.1"
    resolved "https://registry.yarnpkg.com/source-map/-/source-map-0.6.1.tgz#74722af32e9614e9c287a8d0bbde48b5e2f1a263"
    integrity sha512-UjgapumWlbMhkBgzT7Ykc5YXUT46F0iKu8SGXq0bcwP5dz/h0Plj6enJqjz1Zbq2l5WaqYnrVbwWOWMyF3F47g==
  
  split2@^4.1.0:
    version "4.2.0"
    resolved "https://registry.yarnpkg.com/split2/-/split2-4.2.0.tgz#c9c5920904d148bab0b9f67145f245a86aadbfa4"
    integrity sha512-UcjcJOWknrNkF6PLX83qcHM6KHgVKNkV62Y8a5uYDVv9ydGQVwAHMKqHdJje1VTWpljG0WYpCDhrCdAOYH4TWg==
  
  sql-highlight@^6.1.0:
    version "6.1.0"
    resolved "https://registry.yarnpkg.com/sql-highlight/-/sql-highlight-6.1.0.tgz#e34024b4c6eac2744648771edfe3c1f894153743"
    integrity sha512-ed7OK4e9ywpE7pgRMkMQmZDPKSVdm0oX5IEtZiKnFucSF0zu6c80GZBe38UqHuVhTWJ9xsKgSMjCG2bml86KvA==
  
  stackback@0.0.2:
    version "0.0.2"
    resolved "https://registry.yarnpkg.com/stackback/-/stackback-0.0.2.tgz#1ac8a0d9483848d1695e418b6d031a3c3ce68e3b"
    integrity sha512-1XMJE5fQo1jGH6Y/7ebnwPOBEkIEnT4QF32d5R1+VXdXveM0IBMJt8zfaxX1P3QhVwrYe+576+jkANtSS2mBbw==
  
  statuses@^2.0.1, statuses@^2.0.2, statuses@~2.0.2:
    version "2.0.2"
    resolved "https://registry.yarnpkg.com/statuses/-/statuses-2.0.2.tgz#8f75eecef765b5e1cfcdc080da59409ed424e382"
    integrity sha512-DvEy55V3DB7uknRo+4iOGT5fP1slR8wQohVdknigZPMpMstaKJQWhwiYBACJE3Ul2pTnATihhBYnRhZQHGBiRw==
  
  std-env@^4.2.0:
    version "4.2.0"
    resolved "https://registry.yarnpkg.com/std-env/-/std-env-4.2.0.tgz#8ebe0ec60485668ab47227b312f4254cdf80c9d3"
    integrity sha512-oCUKSupKTHX53EyjDtuZQ64pjLJ6yYCtpmEw0goYxtjG9KpbRe8KAsl2tBUGU9DyMcJ0RwJ8GqJAFzMXcXW1Rw==
  
  stdin-discarder@^0.3.2:
    version "0.3.2"
    resolved "https://registry.yarnpkg.com/stdin-discarder/-/stdin-discarder-0.3.2.tgz#998ab3b9a988661e6036a9bfdc96f43649e8e83e"
    integrity sha512-eCPu1qRxPVkl5605OTWF8Wz40b4Mf45NY5LQmVPQ599knfs5QhASUm9GbJ5BDMDOXgrnh0wyEdvzmL//YMlw0A==
  
  streamsearch@^1.1.0:
    version "1.1.0"
    resolved "https://registry.yarnpkg.com/streamsearch/-/streamsearch-1.1.0.tgz#404dd1e2247ca94af554e841a8ef0eaa238da764"
    integrity sha512-Mcc5wHehp9aXz1ax6bZUyY5afg9u2rv5cqQI3mRrYkGC8rW2hM02jWuwjtL++LS5qinSyhj2QfLyNsuc+VsExg==
  
  "string-width-cjs@npm:string-width@^4.2.0", string-width@^4.1.0, string-width@^4.2.0, string-width@^4.2.3:
    version "4.2.3"
    resolved "https://registry.yarnpkg.com/string-width/-/string-width-4.2.3.tgz#269c7117d27b05ad2e536830a8ec895ef9c6d010"
    integrity sha512-wKyQRQpjJ0sIp62ErSZdGsjMJWsap5oRNihHhu6G7JVO/9jIB6UyevL+tXuOqrng8j/cxKTWyWUwvSTriiZz/g==
    dependencies:
      emoji-regex "^8.0.0"
      is-fullwidth-code-point "^3.0.0"
      strip-ansi "^6.0.1"
  
  string-width@^5.0.1, string-width@^5.1.2:
    version "5.1.2"
    resolved "https://registry.yarnpkg.com/string-width/-/string-width-5.1.2.tgz#14f8daec6d81e7221d2a357e668cab73bdbca794"
    integrity sha512-HnLOCR3vjcY8beoNLtcjZ5/nxn2afmME6lhrDrebokqMap+XbeW8n9TXpPDOqdGK5qcI3oT0GKTW6wC7EMiVqA==
    dependencies:
      eastasianwidth "^0.2.0"
      emoji-regex "^9.2.2"
      strip-ansi "^7.0.1"
  
  string-width@^8.1.0:
    version "8.2.2"
    resolved "https://registry.yarnpkg.com/string-width/-/string-width-8.2.2.tgz#7310516493df575742fe98af6fae87d85d5ed0ac"
    integrity sha512-GaPUh5gfdrYzqeVNZvUfT23vYYxXzKYidUcnMtJg/3rxRV63EFZy3k6xfKlmfeJD0176lnUV/Usr3XcwSvFzpg==
    dependencies:
      get-east-asian-width "^1.5.0"
      strip-ansi "^7.1.2"
  
  string_decoder@^1.1.1:
    version "1.3.0"
    resolved "https://registry.yarnpkg.com/string_decoder/-/string_decoder-1.3.0.tgz#42f114594a46cf1a8e30b0a84f56c78c3edac21e"
    integrity sha512-hkRX8U1WjJFd8LsDJ2yQ/wWWxaopEsABU1XfkM8A+j0+85JAGppt16cr1Whg6KIbb4okU6Mql6BOj+uup/wKeA==
    dependencies:
      safe-buffer "~5.2.0"
  
  "strip-ansi-cjs@npm:strip-ansi@^6.0.1", strip-ansi@^6.0.0, strip-ansi@^6.0.1:
    version "6.0.1"
    resolved "https://registry.yarnpkg.com/strip-ansi/-/strip-ansi-6.0.1.tgz#9e26c63d30f53443e9489495b2105d37b67a85d9"
    integrity sha512-Y38VPSHcqkFrCpFnQ9vuSXmquuv5oXOKpGeT6aGrr3o3Gc9AlVa6JBfUSOCnbxGGZF+/0ooI7KrPuUSztUdU5A==
    dependencies:
      ansi-regex "^5.0.1"
  
  strip-ansi@^7.0.1, strip-ansi@^7.1.2:
    version "7.2.0"
    resolved "https://registry.yarnpkg.com/strip-ansi/-/strip-ansi-7.2.0.tgz#d22a269522836a627af8d04b5c3fd2c7fa3e32e3"
    integrity sha512-yDPMNjp4WyfYBkHnjIRLfca1i6KMyGCtsVgoKe/z1+6vukgaENdgGBZt+ZmKPc4gavvEZ5OgHfHdrazhgNyG7w==
    dependencies:
      ansi-regex "^6.2.2"
  
  strip-bom@^3.0.0:
    version "3.0.0"
    resolved "https://registry.yarnpkg.com/strip-bom/-/strip-bom-3.0.0.tgz#2334c18e9c759f7bdd56fdef7e9ae3d588e68ed3"
    integrity sha512-vavAMRXOgBVNF6nyEEmL3DBK19iRpDcoIwW+swQ+CbGiu7lju6t+JklA1MHweoWtadgt4ISVUsXLyDq34ddcwA==
  
  strtok3@^10.3.5:
    version "10.3.5"
    resolved "https://registry.yarnpkg.com/strtok3/-/strtok3-10.3.5.tgz#7213285da0dc3dec0fc8ce5df4b8b7a733f14360"
    integrity sha512-ki4hZQfh5rX0QDLLkOCj+h+CVNkqmp/CMf8v8kZpkNVK6jGQooMytqzLZYUVYIZcFZ6yDB70EfD8POcFXiF5oA==
    dependencies:
      "@tokenizer/token" "^0.3.0"
  
  supports-color@^7.1.0:
    version "7.2.0"
    resolved "https://registry.yarnpkg.com/supports-color/-/supports-color-7.2.0.tgz#1b7dcdcb32b8138801b3e478ba6a51caa89648da"
    integrity sha512-qpCAvRl9stuOHveKsn7HncJRvv501qIacKzQlO/+Lwxc9+0q2wLyv4Dfvt80/DPn2pqOBsJdDiogXGR9+OvwRw==
    dependencies:
      has-flag "^4.0.0"
  
  through@^2.3.6:
    version "2.3.8"
    resolved "https://registry.yarnpkg.com/through/-/through-2.3.8.tgz#0dd4c9ffaabc357960b1b724115d7e0e86a2e1f5"
    integrity sha512-w89qg7PI8wAdvX60bMDP+bFoD5Dvhm9oLheFp5O4a2QF0cSBGsBX4qZmadPMvVqlLJBBci+WqGGOAPvcDeNSVg==
  
  tinybench@6.1.4:
    version "6.1.4"
    resolved "https://registry.yarnpkg.com/tinybench/-/tinybench-6.1.4.tgz#f855bb3ad1f2fe85cf624490d58bb4f4f5d30da8"
    integrity sha512-9APumHG7r4yOk4X4WlkmE71aZcv1gvin1czO3OQ1U9iJcFA5Ja/ygyb0vPOVHTthFozUYs8CLoLUlM8grb2lTQ==
  
  tinyexec@1.3.0:
    version "1.3.0"
    resolved "https://registry.yarnpkg.com/tinyexec/-/tinyexec-1.3.0.tgz#aacc1dbb1d4e93e6ad8dd64944e09f9ad147a474"
    integrity sha512-QKAl9m8gWWGHV8jZcPeym6j+XULi6tOf1mT83WYJ4Lk2ytW/uwAWkrP0uFsdoYMdueVJ0qs26wZ+23xeB4ibNQ==
  
  tinyglobby@^0.2.16:
    version "0.2.16"
    resolved "https://registry.yarnpkg.com/tinyglobby/-/tinyglobby-0.2.16.tgz#1c3b7eb953fce42b226bc5a1ee06428281aff3d6"
    integrity sha512-pn99VhoACYR8nFHhxqix+uvsbXineAasWm5ojXoN8xEwK5Kd3/TrhNn1wByuD52UxWRLy8pu+kRMniEi6Eq9Zg==
    dependencies:
      fdir "^6.5.0"
      picomatch "^4.0.4"
  
  tinyglobby@^0.2.17:
    version "0.2.17"
    resolved "https://registry.yarnpkg.com/tinyglobby/-/tinyglobby-0.2.17.tgz#562a9a6c9eb2b3b123d39719f9af5bb44fcd7631"
    integrity sha512-wXR/dYpcqKmfWpEdZjiKJOwCNFndD0DMnrW/cYjVGttEkBfVgcLFHoNrlj47mjOVic9yyNu65alsgF4NQyTa2g==
    dependencies:
      fdir "^6.5.0"
      picomatch "^4.0.4"
  
  tmp@^0.0.33:
    version "0.0.33"
    resolved "https://registry.yarnpkg.com/tmp/-/tmp-0.0.33.tgz#6d34335889768d21b2bcda0aa277ced3b1bfadf9"
    integrity sha512-jRCJlojKnZ3addtTOjdIqoRuPEKBvNXcGYqzO6zWZX8KfKEpnGY5jfggJQ3EjKuu8D4bJRr0y+cYJFmYbImXGw==
    dependencies:
      os-tmpdir "~1.0.2"
  
  to-buffer@^1.2.0:
    version "1.2.2"
    resolved "https://registry.yarnpkg.com/to-buffer/-/to-buffer-1.2.2.tgz#ffe59ef7522ada0a2d1cb5dfe03bb8abc3cdc133"
    integrity sha512-db0E3UJjcFhpDhAF4tLo03oli3pwl3dbnzXOUIlRKrp+ldk/VUxzpWYZENsw2SZiuBjHAk7DfB0VU7NKdpb6sw==
    dependencies:
      isarray "^2.0.5"
      safe-buffer "^5.2.1"
      typed-array-buffer "^1.0.3"
  
  toidentifier@~1.0.1:
    version "1.0.1"
    resolved "https://registry.yarnpkg.com/toidentifier/-/toidentifier-1.0.1.tgz#3be34321a88a820ed1bd80dfaa33e479fbb8dd35"
    integrity sha512-o5sSPKEkg/DIQNmH43V0/uerLrpzVedkUh8tGNvaeXpfpuwjKenlSox/2O/BTlZUtEe+JG7s5YhEz608PlAHRA==
  
  token-types@^6.1.1, token-types@^6.1.2:
    version "6.1.2"
    resolved "https://registry.yarnpkg.com/token-types/-/token-types-6.1.2.tgz#18d0fd59b996d421f9f83914d6101c201bd08129"
    integrity sha512-dRXchy+C0IgK8WPC6xvCHFRIWYUbqqdEIKPaKo/AcTUNzwLTK6AH7RjdLWsEZcAN/TBdtfUw3PYEgPr5VPr6ww==
    dependencies:
      "@borewit/text-codec" "^0.2.1"
      "@tokenizer/token" "^0.3.0"
      ieee754 "^1.2.1"
  
  tsconfig-paths@4.2.0:
    version "4.2.0"
    resolved "https://registry.yarnpkg.com/tsconfig-paths/-/tsconfig-paths-4.2.0.tgz#ef78e19039133446d244beac0fd6a1632e2d107c"
    integrity sha512-NoZ4roiN7LnbKn9QqE1amc9DJfzvZXxF4xDavcOWt1BPkdx+m+0gJuPM+S0vCe7zTJMYUP0R8pO2XMr+Y8oLIg==
    dependencies:
      json5 "^2.2.2"
      minimist "^1.2.6"
      strip-bom "^3.0.0"
  
  tslib@2.8.1, tslib@^2.1.0, tslib@^2.4.0, tslib@^2.8.1:
    version "2.8.1"
    resolved "https://registry.yarnpkg.com/tslib/-/tslib-2.8.1.tgz#612efe4ed235d567e8aba5f2a5fab70280ade83f"
    integrity sha512-oJFu94HQb+KVduSUQL7wnpmqnfmLsOA/nAh6b6EH0wCEoK0/mPeXU6c3wKDV83MkOuHPRHtSXKKU99IBazS/2w==
  
  type-fest@^0.21.3:
    version "0.21.3"
    resolved "https://registry.yarnpkg.com/type-fest/-/type-fest-0.21.3.tgz#d260a24b0198436e133fa26a524a6d65fa3b2e37"
    integrity sha512-t0rzBq87m3fVcduHDUFhKmyyX+9eo6WQjZvf51Ea/M0Q7+T374Jp1aUiyUl0GKxp8M/OETVHSDvmkyPgvX+X2w==
  
  type-is@^1.6.18:
    version "1.6.18"
    resolved "https://registry.yarnpkg.com/type-is/-/type-is-1.6.18.tgz#4e552cd05df09467dcbc4ef739de89f2cf37c131"
    integrity sha512-TkRKr9sUTxEH8MdfuCSP7VizJyzRNMjj2J2do2Jr3Kym598JVdEksuzPQCnlFPW4ky9Q+iA+ma9BGm06XQBy8g==
    dependencies:
      media-typer "0.3.0"
      mime-types "~2.1.24"
  
  type-is@^2.0.1:
    version "2.0.1"
    resolved "https://registry.yarnpkg.com/type-is/-/type-is-2.0.1.tgz#64f6cf03f92fce4015c2b224793f6bdd4b068c97"
    integrity sha512-OZs6gsjF4vMp32qrCbiVSkrFmXtG/AZhY3t0iAMrMBiAZyV9oALtXO8hsrHbMXF9x6L3grlFuwW2oAz7cav+Gw==
    dependencies:
      content-type "^1.0.5"
      media-typer "^1.1.0"
      mime-types "^3.0.0"
  
  typed-array-buffer@^1.0.3:
    version "1.0.3"
    resolved "https://registry.yarnpkg.com/typed-array-buffer/-/typed-array-buffer-1.0.3.tgz#a72395450a4869ec033fd549371b47af3a2ee536"
    integrity sha512-nAYYwfY3qnzX30IkA6AQZjVbtK6duGontcQm1WSG1MD94YLqK0515GNApXkoxKOWMusVssAHWLh9SeaoefYFGw==
    dependencies:
      call-bound "^1.0.3"
      es-errors "^1.3.0"
      is-typed-array "^1.1.14"
  
  typeorm@^0.3.28:
    version "0.3.28"
    resolved "https://registry.yarnpkg.com/typeorm/-/typeorm-0.3.28.tgz#a3aabed8ef64287ee68da278d8ffa1d3c6c6b8ca"
    integrity sha512-6GH7wXhtfq2D33ZuRXYwIsl/qM5685WZcODZb7noOOcRMteM9KF2x2ap3H0EBjnSV0VO4gNAfJT5Ukp0PkOlvg==
    dependencies:
      "@sqltools/formatter" "^1.2.5"
      ansis "^4.2.0"
      app-root-path "^3.1.0"
      buffer "^6.0.3"
      dayjs "^1.11.19"
      debug "^4.4.3"
      dedent "^1.7.0"
      dotenv "^16.6.1"
      glob "^10.5.0"
      reflect-metadata "^0.2.2"
      sha.js "^2.4.12"
      sql-highlight "^6.1.0"
      tslib "^2.8.1"
      uuid "^11.1.0"
      yargs "^17.7.2"
  
  typescript@^6.0.3, typescript@~6.0.2:
    version "6.0.3"
    resolved "https://registry.yarnpkg.com/typescript/-/typescript-6.0.3.tgz#90251dc007916e972786cb94d74d15b185577d21"
    integrity sha512-y2TvuxSZPDyQakkFRPZHKFm+KKVqIisdg9/CZwm9ftvKXLP8NRWj38/ODjNbr43SsoXqNuAisEf1GdCxqWcdBw==
  
  uglify-js@^3.1.4:
    version "3.19.3"
    resolved "https://registry.yarnpkg.com/uglify-js/-/uglify-js-3.19.3.tgz#82315e9bbc6f2b25888858acd1fff8441035b77f"
    integrity sha512-v3Xu+yuwBXisp6QYTcH4UbH+xYJXqnq2m/LtQVWKWzYc1iehYnLixoQDN9FH6/j9/oybfd6W9Ghwkl8+UMKTKQ==
  
  uid@2.0.2:
    version "2.0.2"
    resolved "https://registry.yarnpkg.com/uid/-/uid-2.0.2.tgz#4b5782abf0f2feeefc00fa88006b2b3b7af3e3b9"
    integrity sha512-u3xV3X7uzvi5b1MncmZo3i2Aw222Zk1keqLA1YkHldREkAhAqi65wuPfe7lHx8H/Wzy+8CE7S7uS3jekIM5s8g==
    dependencies:
      "@lukeed/csprng" "^1.0.0"
  
  uint8array-extras@^1.5.0:
    version "1.5.0"
    resolved "https://registry.yarnpkg.com/uint8array-extras/-/uint8array-extras-1.5.0.tgz#10d2a85213de3ada304fea1c454f635c73839e86"
    integrity sha512-rvKSBiC5zqCCiDZ9kAOszZcDvdAHwwIKJG33Ykj43OKcWsnmcBRL09YTU4nOeHZ8Y2a7l1MgTd08SBe9A8Qj6A==
  
  undici-types@~7.19.0:
    version "7.19.2"
    resolved "https://registry.yarnpkg.com/undici-types/-/undici-types-7.19.2.tgz#1b67fc26d0f157a0cba3a58a5b5c1e2276b8ba2a"
    integrity sha512-qYVnV5OEm2AW8cJMCpdV20CDyaN3g0AjDlOGf1OW4iaDEx8MwdtChUp4zu4H0VP3nDRF/8RKWH+IPp9uW0YGZg==
  
  undici@6.20.1:
    version "6.20.1"
    resolved "https://registry.yarnpkg.com/undici/-/undici-6.20.1.tgz#fbb87b1e2b69d963ff2d5410a40ffb4c9e81b621"
    integrity sha512-AjQF1QsmqfJys+LXfGTNum+qw4S88CojRInG/6t31W/1fk6G59s92bnAvGz5Cmur+kQv2SURXEvvudLmbrE8QA==
  
  unicode-emoji-modifier-base@^1.0.0:
    version "1.0.0"
    resolved "https://registry.yarnpkg.com/unicode-emoji-modifier-base/-/unicode-emoji-modifier-base-1.0.0.tgz#dbbd5b54ba30f287e2a8d5a249da6c0cef369459"
    integrity sha512-yLSH4py7oFH3oG/9K+XWrz1pSi3dfUrWEnInbxMfArOfc1+33BlGPQtLsOYwvdMy11AwUBetYuaRxSPqgkq+8g==
  
  unpipe@~1.0.0:
    version "1.0.0"
    resolved "https://registry.yarnpkg.com/unpipe/-/unpipe-1.0.0.tgz#b2bf4ee8514aae6165b4817829d21b2ef49904ec"
    integrity sha512-pjy2bYhSsufwWlKwPc+l3cN7+wuJlK6uz0YdJEOlQDbl6jo/YlPi4mb8agUkVC8BF7V8NuzeyPNqRksA3hztKQ==
  
  util-deprecate@^1.0.1:
    version "1.0.2"
    resolved "https://registry.yarnpkg.com/util-deprecate/-/util-deprecate-1.0.2.tgz#450d4dc9fa70de732762fbd2d4a28981419a0ccf"
    integrity sha512-EPD5q1uXyFxJpCrLnCc1nHnq3gOa6DZBocAIiI2TaSCA7VCJ1UJDMagCzIkXNsUYfD1daK//LTEQ8xiIbrHtcw==
  
  uuid@^11.1.0:
    version "11.1.1"
    resolved "https://registry.yarnpkg.com/uuid/-/uuid-11.1.1.tgz#f6d81d2e1c65d00762e5e29b16c5d2d995e208ad"
    integrity sha512-vIYxrBCC/N/K+Js3qSN88go7kIfNPssr/hHCesKCQNAjmgvYS2oqr69kIufEG+O4+PfezOH4EbIeHCfFov8ZgQ==
  
  validator@^13.15.22:
    version "13.15.35"
    resolved "https://registry.yarnpkg.com/validator/-/validator-13.15.35.tgz#81cf455c51f15b69d8d340be5914f3fab00dbf7f"
    integrity sha512-TQ5pAGhd5whStmqWvYF4OjQROlmv9SMFVt37qoCBdqRffuuklWYQlCNnEs2ZaIBD1kZRNnikiZOS1eqgkar0iw==
  
  vary@^1, vary@^1.1.2:
    version "1.1.2"
    resolved "https://registry.yarnpkg.com/vary/-/vary-1.1.2.tgz#2299f02c6ded30d4a5961b0b9f74524a18f634fc"
    integrity sha512-BNGbWLfd0eUPabhkXUVm0j8uuvREyTh5ovRa/dyow/BqAbZJyC+5fU+IzQOzmAKzYqYRAISoRhdQr3eIZ/PXqg==
  
  vite-node@^6.0.0:
    version "6.0.0"
    resolved "https://registry.yarnpkg.com/vite-node/-/vite-node-6.0.0.tgz#d15611ac5a18a6f998448e0b07b099bf08c0010e"
    integrity sha512-oj4PVrT+pDh6GYf5wfUXkcZyekYS8kKPfLPXVl8qe324Ec6l4K2DUKNadRbZ3LQl0qGcDz+PyOo7ZAh00Y+JjQ==
    dependencies:
      cac "^7.0.0"
      es-module-lexer "^2.0.0"
      obug "^2.1.1"
      pathe "^2.0.3"
      vite "^8.0.0"
  
  vite@^8.0.0, vite@^8.0.10:
    version "8.0.10"
    resolved "https://registry.yarnpkg.com/vite/-/vite-8.0.10.tgz#fb31868526ec874101fac084172a2cdc6776319b"
    integrity sha512-rZuUu9j6J5uotLDs+cAA4O5H4K1SfPliUlQwqa6YEwSrWDZzP4rhm00oJR5snMewjxF5V/K3D4kctsUTsIU9Mw==
    dependencies:
      lightningcss "^1.32.0"
      picomatch "^4.0.4"
      postcss "^8.5.10"
      rolldown "1.0.0-rc.17"
      tinyglobby "^0.2.16"
    optionalDependencies:
      fsevents "~2.3.3"
  
  vitest@^5.0.1:
    version "5.0.1"
    resolved "https://registry.yarnpkg.com/vitest/-/vitest-5.0.1.tgz#22505b6481ed0e692b3f6d4fed179da8487d252c"
    integrity sha512-iA95lQbKEkvrtTkdAgnWbXfbipWiiWe/hDl2P5tMi6WFwD76G0NxXAGp/M9EOcYupeGJRr6wppMc7CoA41TQjg==
    dependencies:
      "@types/chai" "^5.2.2"
      "@vitest/mocker" "5.0.1"
      chai "^6.2.2"
      es-module-lexer "^2.3.2"
      expect-type "^1.4.0"
      magic-string "^1.2.3"
      obug "^2.1.4"
      picomatch "^4.0.7"
      std-env "^4.2.0"
      tinybench "6.1.4"
      tinyexec "1.3.0"
      tinyglobby "^0.2.17"
      why-is-node-running "^2.3.0"
  
  wcwidth@^1.0.1:
    version "1.0.1"
    resolved "https://registry.yarnpkg.com/wcwidth/-/wcwidth-1.0.1.tgz#f0b0dcf915bc5ff1528afadb2c0e17b532da2fe8"
    integrity sha512-XHPEwS0q6TaxcvG85+8EYkbiCux2XtWG2mkc47Ng2A77BQu9+DqIOJldST4HgPkuea7dvKSj5VgX3P1d4rW8Tg==
    dependencies:
      defaults "^1.0.3"
  
  which-typed-array@^1.1.16:
    version "1.1.20"
    resolved "https://registry.yarnpkg.com/which-typed-array/-/which-typed-array-1.1.20.tgz#3fdb7adfafe0ea69157b1509f3a1cd892bd1d122"
    integrity sha512-LYfpUkmqwl0h9A2HL09Mms427Q1RZWuOHsukfVcKRq9q95iQxdw0ix1JQrqbcDR9PH1QDwf5Qo8OZb5lksZ8Xg==
    dependencies:
      available-typed-arrays "^1.0.7"
      call-bind "^1.0.8"
      call-bound "^1.0.4"
      for-each "^0.3.5"
      get-proto "^1.0.1"
      gopd "^1.2.0"
      has-tostringtag "^1.0.2"
  
  which@^2.0.1:
    version "2.0.2"
    resolved "https://registry.yarnpkg.com/which/-/which-2.0.2.tgz#7c6a8dd0a636a0327e10b59c9286eee93f3f51b1"
    integrity sha512-BLI3Tl1TW3Pvl70l3yq3Y64i+awpwXqsGBYWkkqMtnbXgrMD+yj7rhW0kuEDxzJaYXGjEW5ogapKNMEKNMjibA==
    dependencies:
      isexe "^2.0.0"
  
  why-is-node-running@^2.3.0:
    version "2.3.0"
    resolved "https://registry.yarnpkg.com/why-is-node-running/-/why-is-node-running-2.3.0.tgz#a3f69a97107f494b3cdc3bdddd883a7d65cebf04"
    integrity sha512-hUrmaWBdVDcxvYqnyh09zunKzROWjbZTiNy8dBEjkS7ehEDQibXJ7XvlmtbwuTclUiIyN+CyXQD4Vmko8fNm8w==
    dependencies:
      siginfo "^2.0.0"
      stackback "0.0.2"
  
  wordwrap@^1.0.0:
    version "1.0.0"
    resolved "https://registry.yarnpkg.com/wordwrap/-/wordwrap-1.0.0.tgz#27584810891456a4171c8d0226441ade90cbcaeb"
    integrity sha512-gvVzJFlPycKc5dZN4yPkP8w7Dc37BtP1yczEneOb4uq34pXZcvrtRTmWV8W+Ume+XCxKgbjM+nevkyFPMybd4Q==
  
  "wrap-ansi-cjs@npm:wrap-ansi@^7.0.0", wrap-ansi@^7.0.0:
    version "7.0.0"
    resolved "https://registry.yarnpkg.com/wrap-ansi/-/wrap-ansi-7.0.0.tgz#67e145cff510a6a6984bdf1152911d69d2eb9e43"
    integrity sha512-YVGIj2kamLSTxw6NsZjoBxfSwsn0ycdesmc4p+Q21c5zPuZ1pl+NfxVdxPtdHvmNVOQ6XSYG4AUtyt/Fi7D16Q==
    dependencies:
      ansi-styles "^4.0.0"
      string-width "^4.1.0"
      strip-ansi "^6.0.0"
  
  wrap-ansi@^6.0.1:
    version "6.2.0"
    resolved "https://registry.yarnpkg.com/wrap-ansi/-/wrap-ansi-6.2.0.tgz#e9393ba07102e6c91a3b221478f0257cd2856e53"
    integrity sha512-r6lPcBGxZXlIcymEu7InxDMhdW0KDxpLgoFLcguasxCaJ/SOIZwINatK9KY/tf+ZrlywOKU0UDj3ATXUBfxJXA==
    dependencies:
      ansi-styles "^4.0.0"
      string-width "^4.1.0"
      strip-ansi "^6.0.0"
  
  wrap-ansi@^8.1.0:
    version "8.1.0"
    resolved "https://registry.yarnpkg.com/wrap-ansi/-/wrap-ansi-8.1.0.tgz#56dc22368ee570face1b49819975d9b9a5ead214"
    integrity sha512-si7QWI6zUMq56bESFvagtmzMdGOtoxfR+Sez11Mobfc7tm+VkUckk9bW2UeffTGVUbOksxmSw0AA2gs8g71NCQ==
    dependencies:
      ansi-styles "^6.1.0"
      string-width "^5.0.1"
      strip-ansi "^7.0.1"
  
  wrappy@1:
    version "1.0.2"
    resolved "https://registry.yarnpkg.com/wrappy/-/wrappy-1.0.2.tgz#b5243d8f3ec1aa35f1364605bc0d1036e30ab69f"
    integrity sha512-l4Sp/DRseor9wL6EvV2+TuQn63dMkPjZ/sp9XkghTEbV9KlPS1xUsZ3u7/IQO4wxtcFB4bgpQPRcR3QCvezPcQ==
  
  xtend@^4.0.0:
    version "4.0.2"
    resolved "https://registry.yarnpkg.com/xtend/-/xtend-4.0.2.tgz#bb72779f5fa465186b1f438f674fa347fdb5db54"
    integrity sha512-LKYU1iAXJXUgAXn9URjiu+MWhyUXHsvfp7mcuYm9dSUKK0/CjtrUwFAxD82/mCWbtLsGjFIad0wIsod4zrTAEQ==
  
  y18n@^5.0.5:
    version "5.0.8"
    resolved "https://registry.yarnpkg.com/y18n/-/y18n-5.0.8.tgz#7f4934d0f7ca8c56f95314939ddcd2dd91ce1d55"
    integrity sha512-0pfFzegeDWJHJIAmTLRP2DwHjdF5s7jo9tuztdQxAhINCdvS+3nGINqPd00AphqJR/0LhANUS6/+7SCb98YOfA==
  
  yargs-parser@^21.1.1:
    version "21.1.1"
    resolved "https://registry.yarnpkg.com/yargs-parser/-/yargs-parser-21.1.1.tgz#9096bceebf990d21bb31fa9516e0ede294a77d35"
    integrity sha512-tVpsJW7DdjecAiFpbIB1e3qxIQsE6NoPc5/eTdrbbIC4h0LVsWhnoa3g+m2HclBIujHzsxZ4VJVA+GUuc2/LBw==
  
  yargs@^17.7.2:
    version "17.7.2"
    resolved "https://registry.yarnpkg.com/yargs/-/yargs-17.7.2.tgz#991df39aca675a192b816e1e0363f9d75d2aa269"
    integrity sha512-7dSzzRQ++CKnNI/krKnYRV7JKKPUXMEh61soaHKg9mrWEhzFWhFnxPxGl+69cD1Ou63C13NUPCnmIcrvqCuM6w==
    dependencies:
      cliui "^8.0.1"
      escalade "^3.1.1"
      get-caller-file "^2.0.5"
      require-directory "^2.1.1"
      string-width "^4.2.3"
      y18n "^5.0.5"
      yargs-parser "^21.1.1"
  
  yoctocolors@^2.1.1:
    version "2.2.0"
    resolved "https://registry.yarnpkg.com/yoctocolors/-/yoctocolors-2.2.0.tgz#c4b68ee477f3982c33e4de24a5aa4a354be506d3"
    integrity sha512-xYqdZFUK/VYazNl/oCDYN+3WloWQwMfZxBoiNt6qNyk+xfOdi598muWE42rNZFp1kNOiqW936q5RhUdnpqElSg==
  
  zod@^3.24.2:
    version "3.25.76"
    resolved "https://registry.yarnpkg.com/zod/-/zod-3.25.76.tgz#26841c3f6fd22a6a2760e7ccb719179768471e34"
    integrity sha512-gzUt/qt81nXsFGKIFcC3YnfEAx5NkunCfnDlvuBSSFS02bcXu4Lmea0AFIUwbLWxWPx3d9p8S5QoaujKcNQxcQ==
  
  zod@^4.3.6:
    version "4.4.3"
    resolved "https://registry.yarnpkg.com/zod/-/zod-4.4.3.tgz#b680f172885d18bbebf21a834ea25e55a1bbf356"
    integrity sha512-ytENFjIJFl2UwYglde2jchW2Hwm4GJFLDiSXWdTrJQBIN9Fcyp7n4DhxJEiWNAJMV1/BqWfW/kkg71UDcHJyTQ==
